repo,language,stars,url,ci_status,build_tool,is_buildable,primary_ci,first_buildable_sha,first_buildable_date
1backend/1backend,Go,2323,https://github.com/1backend/1backend,SUCCESS,Unknown,False,GitHub Actions,24e14ff46a9eed47535d919c11d8ed01d823c426,2025-03-22T20:29:52Z
qax-os/excelize,Go,20283,https://github.com/qax-os/excelize,SUCCESS,GoModules,True,GitHub Actions,3f6ecffcca8968aa4bffe0ca0f3769159745bf3a,2024-12-29T04:30:28Z
99designs/aws-vault,Go,8954,https://github.com/99designs/aws-vault,SUCCESS,GoModules,True,GitHub Actions,af7283ef69c5dc95862d2ceb391036651e7bbcc7,2025-12-30T11:23:11Z
99designs/gqlgen,Go,10660,https://github.com/99designs/gqlgen,SUCCESS,GoModules,True,GitHub Actions,dc565aaa30d1d9828bf079b6f417e5155c0df34b,2024-12-25T19:07:37Z
aceld/zinx,Go,7703,https://github.com/aceld/zinx,SUCCESS,GoModules,True,GitHub Actions,77b12fb0df0ca54bf98a5f7b38cd5c21ab29bd2d,2024-12-23T12:31:51Z
AdguardTeam/AdGuardHome,Go,32488,https://github.com/AdguardTeam/AdGuardHome,SUCCESS,GoModules,True,GitHub Actions,446f21a5114966fe3ae7389174f8219d600135a9,2025-01-10T13:21:34Z
adnanh/webhook,Go,11568,https://github.com/adnanh/webhook,SUCCESS,GoModules,True,GitHub Actions,eb7e8f5ba827ee4c2b6dc687a4d9685d5f207386,2025-01-11T23:42:22Z
ahmetb/go-linq,Go,3643,https://github.com/ahmetb/go-linq,SUCCESS,GoModules,True,GitHub Actions,432523652d839fd39ba362a35edf2493c8ef3bfa,2025-10-13T04:29:38Z
ahmetb/kubectx,Go,19453,https://github.com/ahmetb/kubectx,SUCCESS,GoModules,True,GitHub Actions,0bcd0d5dd51b29f5139a45e50ddd50de4d0e36c9,2025-01-07T20:25:01Z
alecthomas/chroma,Go,4840,https://github.com/alecthomas/chroma,SUCCESS,GoModules,True,GitHub Actions,f3ff20b1f5312e1ada0ac84763a2ee403270131c,2024-12-25T08:37:32Z
alecthomas/kingpin,Go,3559,https://github.com/alecthomas/kingpin,SUCCESS,GoModules,True,GitHub Actions,5e8f9d9916db065bf6e3067f7701382f445659b5,2025-05-06T23:56:41Z
alecthomas/participle,Go,3838,https://github.com/alecthomas/participle,SUCCESS,GoModules,True,GitHub Actions,6b79c5d7a78bf6e4f41831272fd8cb8c1599233a,2025-01-07T00:26:11Z
allegro/bigcache,Go,8078,https://github.com/allegro/bigcache,SUCCESS,GoModules,True,GitHub Actions,a2f05d7cbfdc7000a8b7e1c40f27d3f239c204df,2024-05-14T16:54:32Z
anacrolix/torrent,Go,5956,https://github.com/anacrolix/torrent,FAILURE,GoModules,True,GitHub Actions,75e6b656584519f4b0fbe258dd119a8a9da52646,2024-12-28T23:55:04Z
semaphoreui/semaphore,Go,13186,https://github.com/semaphoreui/semaphore,SUCCESS,GoModules,True,GitHub Actions,d76a0460679110b24ce5681ee7e66b74daa95faa,2024-12-21T23:13:26Z
antonmedv/fx,Go,20255,https://github.com/antonmedv/fx,SUCCESS,GoModules,True,GitHub Actions,8b9c7ccb8fb5f0d0e8e00459a070342bd6769e4b,2025-02-13T14:34:48Z
apache/dubbo-admin,Go,4050,https://github.com/apache/dubbo-admin,SUCCESS,GoModules,True,GitHub Actions,fbf1f31f57e457752978ce23961bb4b64e2bc266,2025-07-31T06:09:22Z
appleboy/gorush,Go,8687,https://github.com/appleboy/gorush,FAILURE,GoModules,True,GitHub Actions,d3659fc9a162c284d3fc79ae56e9c6e374871553,2025-01-04T09:11:03Z
aptly-dev/aptly,Go,2764,https://github.com/aptly-dev/aptly,SUCCESS,GoModules,True,GitHub Actions,4076941bd78ee049387d956c10a39c42fb9d7437,2025-01-11T14:58:10Z
aquasecurity/kube-bench,Go,7930,https://github.com/aquasecurity/kube-bench,SUCCESS,GoModules,True,GitHub Actions,a38a3c5bbcd83a766e923fccf0ed3605f91885be,2025-01-10T09:18:50Z
aquasecurity/trivy,Go,31840,https://github.com/aquasecurity/trivy,SUCCESS,GoModules,True,GitHub Actions,03db7fc1ba5daddc0018cbb6f8febaf1b87efe7f,2024-12-25T05:28:37Z
arduino/arduino-cli,Go,4795,https://github.com/arduino/arduino-cli,PENDING,GoModules,True,GitHub Actions,82f37f241bfb2181762edbf36199c7bf7166ecef,2024-12-24T16:51:40Z
argoproj/argo-cd,Go,21944,https://github.com/argoproj/argo-cd,PENDING,GoModules,True,GitHub Actions,c6893527a76749b4f64862b33981572188cc5f0b,2024-12-26T12:11:42Z
argoproj/argo-workflows,Go,16446,https://github.com/argoproj/argo-workflows,FAILURE,GoModules,True,GitHub Actions,2e0f2f7767fe5ef767bc3e20ec6952a51027b9f9,2024-12-30T10:35:38Z
asdf-vm/asdf,Go,25044,https://github.com/asdf-vm/asdf,SUCCESS,GoModules,True,GitHub Actions,4290ac4a1d034126967a157baa926fe8ed3ab9a5,2025-01-25T14:16:23Z
asynkron/protoactor-go,Go,5420,https://github.com/asynkron/protoactor-go,SUCCESS,GoModules,True,GitHub Actions,80203e89bc1758110a611ac192278f4559964142,2025-01-01T14:13:40Z
avelino/awesome-go,Go,164707,https://github.com/avelino/awesome-go,SUCCESS,GoModules,True,GitHub Actions,3c0794937b1a8acab374db46df1192f5c52c7f36,2024-12-25T10:46:05Z
awnumar/memguard,Go,2712,https://github.com/awnumar/memguard,SUCCESS,GoModules,True,GitHub Actions,7d0d55fface1b80101b43301166efa821111aa63,2025-07-13T17:53:19Z
aws/amazon-ecs-agent,Go,2144,https://github.com/aws/amazon-ecs-agent,FAILURE,Unknown,False,GitHub Actions,5073adbb5cd89f1736df8537464ac42b795bba27,2025-01-02T17:28:48Z
aws/aws-lambda-go,Go,3797,https://github.com/aws/aws-lambda-go,SUCCESS,GoModules,True,GitHub Actions,8e674dad171cebefc4819d785251a76334827bb2,2024-04-16T20:24:45Z
Azure/draft,Go,642,https://github.com/Azure/draft,SUCCESS,GoModules,True,GitHub Actions,786a16c61f86a4f789b043d95666990f4406b72a,2024-12-18T23:23:05Z
bfenetworks/bfe,Go,6233,https://github.com/bfenetworks/bfe,SUCCESS,GoModules,True,GitHub Actions,786136b722960c17e517ace2965c9d349016acde,2024-12-30T15:54:30Z
bettercap/bettercap,Go,18817,https://github.com/bettercap/bettercap,SUCCESS,GoModules,True,GitHub Actions,61a9069e50ea079f081b15498de780cce380786a,2025-01-09T01:55:51Z
go-kratos/kratos,Go,25430,https://github.com/go-kratos/kratos,SUCCESS,GoModules,True,GitHub Actions,ff30a75a868dbb6273f69deeb4d8c7bde13e26c8,2025-01-24T03:05:57Z
bitnami-labs/sealed-secrets,Go,8895,https://github.com/bitnami-labs/sealed-secrets,SUCCESS,GoModules,True,GitHub Actions,419ddcf068a05a0efa6d1673cb4c674c8ed9ddca,2024-12-26T11:21:41Z
blevesearch/bleve,Go,10957,https://github.com/blevesearch/bleve,NO_CI,GoModules,True,GitHub Actions,2c696d8662354138f212cb6659fd92db771c2a17,2025-01-06T20:59:29Z
btcsuite/btcd,Go,6666,https://github.com/btcsuite/btcd,SUCCESS,GoModules,True,GitHub Actions,c2b47e014983654c1326f8ae2525ba49bc9e0182,2025-01-02T15:20:37Z
probelabs/goreplay,Go,19244,https://github.com/probelabs/goreplay,FAILURE,GoModules,True,GitHub Actions,7ccde5a3734a3393c68ffd5a7212a8288cd83159,2025-01-26T08:42:53Z
BurntSushi/toml,Go,4892,https://github.com/BurntSushi/toml,SUCCESS,GoModules,True,GitHub Actions,2918ee74bb664c418ae9b2d6ba356c2ca6c24506,2025-03-17T09:12:46Z
caddyserver/caddy,Go,69756,https://github.com/caddyserver/caddy,SUCCESS,GoModules,True,GitHub Actions,f2c17d1f3fc4d9ad6324e05bab0c29aafb23e2e1,2024-12-30T10:38:29Z
casbin/casbin,Go,19822,https://github.com/casbin/casbin,SUCCESS,GoModules,True,GitHub Actions,d4fc6976a9111013a372c6f60953ec92b1d4cf28,2024-12-28T12:11:50Z
cenkalti/backoff,Go,3935,https://github.com/cenkalti/backoff,SUCCESS,GoModules,True,GitHub Actions,cb748ee8332b225d3394cf346b33df94aab01c9a,2025-01-17T07:26:25Z
centrifugal/centrifugo,Go,9947,https://github.com/centrifugal/centrifugo,SUCCESS,GoModules,True,GitHub Actions,89abf7dc5a5b51861ae614347d0200a1437512a4,2025-01-01T12:52:42Z
cespare/reflex,Go,3528,https://github.com/cespare/reflex,NO_CI,GoModules,True,GitHub Actions,42ac3d5e9de2e403857ae0246f1288c411a0c291,2026-02-26T23:24:31Z
chaosblade-io/chaosblade,Go,6290,https://github.com/chaosblade-io/chaosblade,SUCCESS,GoModules,True,GitHub Actions,13152179121f8a16f8cff696b952adb7722c2ae0,2025-09-03T11:23:17Z
charmbracelet/glow,Go,22695,https://github.com/charmbracelet/glow,NO_CI,GoModules,True,GitHub Actions,51fa19b8b495d500aff08a2d5d07f85e776dae9d,2025-02-11T13:35:31Z
cheat/cheat,Go,13170,https://github.com/cheat/cheat,NO_CI,GoModules,True,GitHub Actions,8eafa5adfe9a107afc3d2a0e247b760bb45e7c97,2026-02-15T02:31:26Z
cheggaaa/pb,Go,3724,https://github.com/cheggaaa/pb,SUCCESS,GoModules,True,GitHub Actions,18978456803bd34c8f302a773a026e61a5a35418,2025-01-13T02:20:42Z
cilium/cilium,Go,23656,https://github.com/cilium/cilium,FAILURE,GoModules,True,GitHub Actions,b40ba7fa2f2afbd63c266cdce0d438f70bd06e4e,2025-08-06T23:22:10Z
claudiodangelis/qrcp,Go,10409,https://github.com/claudiodangelis/qrcp,FAILURE,GoModules,True,GitHub Actions,d14719d901baf52a32a479f3fc0cb8ef8cfd85ac,2024-12-27T15:25:47Z
cloudflare/cfssl,Go,9360,https://github.com/cloudflare/cfssl,FAILURE,GoModules,True,GitHub Actions,91b63b5bb6cc84899849f1aa352c3a44e66b42b9,2024-10-15T19:24:44Z
cockroachdb/cockroach,Go,31832,https://github.com/cockroachdb/cockroach,SUCCESS,GoModules,True,GitHub Actions,e3829a0e615c49db0b50c25da18a2efcf8c3e425,2025-12-01T07:03:39Z
concourse/concourse,Go,7745,https://github.com/concourse/concourse,SUCCESS,GoModules,True,GitHub Actions,b661e76d04cba7b589aa4b6a72a4ffc1d7ef035c,2024-12-16T20:08:51Z
containerd/containerd,Go,20219,https://github.com/containerd/containerd,FAILURE,GoModules,True,GitHub Actions,e0459262ba8b52e936b3b2e555e7faeab846b600,2024-12-09T01:38:39Z
containernetworking/cni,Go,5959,https://github.com/containernetworking/cni,FAILURE,GoModules,True,GitHub Actions,5f84615a5df9c929fd696cb8965aa6fa34ee8c66,2025-01-16T00:33:03Z
containers/buildah,Go,8594,https://github.com/containers/buildah,FAILURE,GoModules,True,GitHub Actions,996c49d8ec3c34555d9f90cdbdb125cc8b01efdc,2025-01-07T13:09:50Z
containers/podman,Go,30641,https://github.com/containers/podman,FAILURE,GoModules,True,GitHub Actions,cbd650212a8804a5e5802e37a2f207669de88723,2024-12-18T12:31:46Z
containers/skopeo,Go,10424,https://github.com/containers/skopeo,FAILURE,GoModules,True,GitHub Actions,bf5987896a1facb4b5c6beb64239fdb5a7c19744,2024-12-23T10:09:32Z
traefik/traefik,Go,61547,https://github.com/traefik/traefik,SUCCESS,GoModules,True,GitHub Actions,278e7392421f1e4a5a20f6723d20cbf18eca730a,2024-12-30T15:08:03Z
traefik/yaegi,Go,8051,https://github.com/traefik/yaegi,SUCCESS,GoModules,True,GitHub Actions,14d3137e98f439fac98c51b85480b941cb5dc0c8,2025-01-08T11:00:23Z
contribsys/faktory,Go,6081,https://github.com/contribsys/faktory,SUCCESS,GoModules,True,GitHub Actions,295d58fa6588b1a1eff080f0662d7935d9e17cac,2025-01-14T22:22:59Z
convox/rack,Go,1894,https://github.com/convox/rack,FAILURE,GoModules,True,GitHub Actions,b8d72a6f5e90df495d4dc457da3dc3a20420fb5c,2024-11-12T20:21:56Z
cookieY/Yearning,Go,8917,https://github.com/cookieY/Yearning,SUCCESS,GoModules,True,GitHub Actions,0b6d500584bf89b9d2e45989085b142eaf0600a9,2024-11-08T02:19:34Z
coredns/coredns,Go,13803,https://github.com/coredns/coredns,SUCCESS,GoModules,True,GitHub Actions,d8ecde1080e7cbbeb98257ba4e03a271f16b4cd9,2025-01-21T08:41:38Z
flannel-io/flannel,Go,9403,https://github.com/flannel-io/flannel,NO_CI,GoModules,True,GitHub Actions,a9297258eb75f3bc8f46b6937419ab89c0b3d0eb,2025-01-01T12:21:35Z
prometheus-operator/prometheus-operator,Go,9845,https://github.com/prometheus-operator/prometheus-operator,NO_CI,GoModules,True,GitHub Actions,0f9962aa8f25d853f07ddfcfcfcbbb1e87feaeb6,2025-01-02T12:11:43Z
coreybutler/nvm-windows,Go,44880,https://github.com/coreybutler/nvm-windows,FAILURE,Unknown,False,GitHub Actions,28c3aa87170c4c2067510a0e9324918df3caee85,2024-11-14T04:24:54Z
cortexproject/cortex,Go,5747,https://github.com/cortexproject/cortex,SUCCESS,GoModules,True,GitHub Actions,7872e1af1ce6241330153f78f51a25197a4d74cc,2024-12-24T12:49:22Z
cosmos/cosmos-sdk,Go,6933,https://github.com/cosmos/cosmos-sdk,FAILURE,GoModules,True,GitHub Actions,dafa93f05ddb8da4fe6ad3c332784734a37a7162,2024-12-30T13:17:27Z
crazy-max/WindowsSpyBlocker,Go,5060,https://github.com/crazy-max/WindowsSpyBlocker,SUCCESS,GoModules,True,GitHub Actions,16af8613758ded68e94f328f6070651dc4d061be,2025-02-02T14:19:40Z
cri-o/cri-o,Go,5574,https://github.com/cri-o/cri-o,SUCCESS,GoModules,True,GitHub Actions,6e0df092481dce1c518db2785a03ae2c97d18c19,2024-12-20T08:13:43Z
crossplane/crossplane,Go,11393,https://github.com/crossplane/crossplane,FAILURE,GoModules,True,GitHub Actions,4addd41c551aa6c6164348ca0413ae68790de260,2024-12-09T23:58:17Z
cweill/gotests,Go,5275,https://github.com/cweill/gotests,SUCCESS,GoModules,True,GitHub Actions,328abf4fb039e475f858d7f3acca6eec3d34031c,2025-10-21T01:57:18Z
d5/tengo,Go,3772,https://github.com/d5/tengo,SUCCESS,GoModules,True,GitHub Actions,e78e18a0f6f90ab659edc5fe5e8b812825ccb5a4,2025-05-24T16:13:24Z
dapr/dapr,Go,25481,https://github.com/dapr/dapr,FAILURE,GoModules,True,GitHub Actions,e0afe517a9e2542e122631bfdb4b5be86eda12ee,2025-01-19T21:27:03Z
dariubs/GoBooks,Go,19130,https://github.com/dariubs/GoBooks,SUCCESS,Unknown,False,GitHub Actions,60cf0b8ccf913d67e610465a083455a12e077723,2026-02-07T14:30:44Z
davecheney/httpstat,Go,7210,https://github.com/davecheney/httpstat,SUCCESS,GoModules,True,GitHub Actions,c64e6dee9402449a92375ec361f6c9ebaddc9a9e,2025-01-11T03:45:08Z
derailed/k9s,Go,32739,https://github.com/derailed/k9s,SUCCESS,GoModules,True,GitHub Actions,43408da8128ce14d855ce8b8f574138c3af46f86,2025-01-28T15:23:04Z
derailed/popeye,Go,6228,https://github.com/derailed/popeye,SUCCESS,GoModules,True,GitHub Actions,4d6af588092c1beb5caa7313826355f0b9740dbb,2024-12-26T15:26:19Z
luraproject/lura,Go,6731,https://github.com/luraproject/lura,SUCCESS,GoModules,True,GitHub Actions,0975ec077a82c966188a8cf9423fb73caa87c08e,2024-10-28T14:24:24Z
dexidp/dex,Go,10576,https://github.com/dexidp/dex,SUCCESS,GoModules,True,GitHub Actions,38309ed94d31a35a73e1377b63cac5f4faab6e0d,2024-12-20T09:12:38Z
dgraph-io/badger,Go,15461,https://github.com/dgraph-io/badger,SUCCESS,GoModules,True,GitHub Actions,64b2f3736e24c16219b0e74f826d46c7187d6f46,2025-01-21T18:18:27Z
dgraph-io/dgraph,Go,21515,https://github.com/dgraph-io/dgraph,SUCCESS,GoModules,True,GitHub Actions,d4755a536688d809e55dad6c7cada6b96442b405,2024-12-26T05:34:09Z
dgraph-io/ristretto,Go,6754,https://github.com/dgraph-io/ristretto,SUCCESS,GoModules,True,GitHub Actions,1c1c87651d0a0a313559939687663c42d188e57f,2024-12-27T19:09:23Z
digitalocean/doctl,Go,3392,https://github.com/digitalocean/doctl,SUCCESS,GoModules,True,GitHub Actions,0022e5828f2dcdeff6a0df52c5802c04ec0c4619,2024-12-11T20:15:52Z
direnv/direnv,Go,14641,https://github.com/direnv/direnv,SUCCESS,GoModules,True,GitHub Actions,29df55713c253e3da14b733da283f03485285cea,2024-12-25T15:10:15Z
dkron-io/dkron,Go,4668,https://github.com/dkron-io/dkron,FAILURE,GoModules,True,GitHub Actions,45a68044c8f85048727ca523d88a654617df854c,2025-01-02T11:35:11Z
DNSCrypt/dnscrypt-proxy,Go,12971,https://github.com/DNSCrypt/dnscrypt-proxy,FAILURE,GoModules,True,GitHub Actions,57c69937a0e4e375626044e20503327aaa08de93,2024-12-19T07:45:12Z
docker/cli,Go,5676,https://github.com/docker/cli,SUCCESS,Unknown,False,GitHub Actions,7dab597e6d570e04f7f135793ba4b64fdfbc47a5,2024-12-09T15:49:21Z
docker/compose,Go,36960,https://github.com/docker/compose,FAILURE,GoModules,True,GitHub Actions,8f644eea738349de5687e95b83f91726f30bb812,2024-12-19T10:23:50Z
distribution/distribution,Go,10252,https://github.com/distribution/distribution,SUCCESS,GoModules,True,GitHub Actions,825eeb039d80de6289b97820a90b658af2312c18,2025-01-10T01:54:12Z
moby/swarmkit,Go,3586,https://github.com/moby/swarmkit,FAILURE,GoModules,True,GitHub Actions,e8ecf83ee08e14a05e28992dc304576079d403c7,2024-10-17T19:10:44Z
dominikh/go-tools,Go,6713,https://github.com/dominikh/go-tools,FAILURE,GoModules,True,GitHub Actions,21df14b396f67db2a1ad354e1933f01895c1a00b,2025-01-12T18:54:14Z
dragonflyoss/dragonfly,Go,3030,https://github.com/dragonflyoss/dragonfly,SUCCESS,GoModules,True,GitHub Actions,5a6250ec3dacd8c300ed606fe47be3f6c14558e1,2024-12-23T08:09:52Z
drk1wi/Modlishka,Go,5262,https://github.com/drk1wi/Modlishka,SUCCESS,GoModules,True,GitHub Actions,e539d1061c98cf58c6a23740c84b13bb65364394,2025-05-18T15:28:00Z
dunglas/mercure,Go,5178,https://github.com/dunglas/mercure,SUCCESS,GoModules,True,GitHub Actions,0019f6fc34a877934ff21276a45e92941cdc4478,2024-12-26T07:38:53Z
dunglas/vulcain,Go,3572,https://github.com/dunglas/vulcain,SUCCESS,GoModules,True,GitHub Actions,73e3c45a431c44f7efe7d41437055b134daf4b18,2025-01-08T13:16:18Z
dustin/go-humanize,Go,4798,https://github.com/dustin/go-humanize,SUCCESS,GoModules,True,GitHub Actions,0c01b54a6999461d1dbba94bb676f1fd90c2d2df,2025-03-08T07:10:41Z
dutchcoders/transfer.sh,Go,15790,https://github.com/dutchcoders/transfer.sh,SUCCESS,GoModules,True,GitHub Actions,01f90648ccd71eadb981e771bad0a5d365934752,2025-02-14T12:40:53Z
trufflesecurity/trufflehog,Go,24512,https://github.com/trufflesecurity/trufflehog,SUCCESS,GoModules,True,GitHub Actions,def734a783b2d4542f2b353d326130d618f3c421,2024-12-25T19:14:22Z
elastic/beats,Go,12589,https://github.com/elastic/beats,PENDING,GoModules,True,GitHub Actions,83f5f4e8d6770dc4f87ea02e2e24721851333ad6,2024-12-26T19:00:21Z
elastic/go-elasticsearch,Go,6025,https://github.com/elastic/go-elasticsearch,SUCCESS,GoModules,True,GitHub Actions,b90e96a1b715dc8204821aa899de36ae4996bfe6,2025-01-31T13:19:47Z
elazarl/goproxy,Go,6600,https://github.com/elazarl/goproxy,NO_CI,GoModules,True,GitHub Actions,b229734814e95bc36743615c7d3cfd3a9677bb8a,2024-12-27T11:44:33Z
elves/elvish,Go,6229,https://github.com/elves/elvish,SUCCESS,GoModules,True,GitHub Actions,0b62bf45744e88cd83fd6792ad25041d9189d7b9,2024-12-30T22:54:55Z
emicklei/go-restful,Go,5113,https://github.com/emicklei/go-restful,SUCCESS,GoModules,True,GitHub Actions,ffa1d914ad3fe7dc05c29796015bade52530b5ef,2025-01-21T14:34:35Z
emirpasic/gods,Go,17393,https://github.com/emirpasic/gods,FAILURE,GoModules,True,GitHub Actions,08eae88bde75929cce4c5a28812349741413be02,2025-03-11T21:13:56Z
emitter-io/emitter,Go,4002,https://github.com/emitter-io/emitter,SUCCESS,GoModules,True,GitHub Actions,811fb7bf2950af3caca03efe9cd865566e5403bd,2025-02-17T23:19:46Z
esimov/caire,Go,10480,https://github.com/esimov/caire,SUCCESS,GoModules,True,GitHub Actions,ce5dfe71f7ed05a303fbaf332a3ae1a1a3f10e20,2025-04-27T12:52:57Z
esimov/pigo,Go,4692,https://github.com/esimov/pigo,SUCCESS,GoModules,True,GitHub Actions,b4f89e29eef3acd95c115c67e4a62fd5b99e1b0d,2025-05-03T15:07:35Z
etcd-io/bbolt,Go,9351,https://github.com/etcd-io/bbolt,FAILURE,GoModules,True,GitHub Actions,248fddc1ec48a98df9516320c663532682a1c8c1,2024-12-28T22:42:28Z
etcd-io/etcd,Go,51487,https://github.com/etcd-io/etcd,PENDING,GoModules,True,GitHub Actions,44073ed85ddf97432e1b4f33ef15541b51e43666,2024-12-21T15:51:26Z
ethereum/go-ethereum,Go,50800,https://github.com/ethereum/go-ethereum,PENDING,GoModules,True,GitHub Actions,6723388b013c7d5187be720aec50310ce3f45adc,2025-06-20T10:47:48Z
fabiolb/fabio,Go,7330,https://github.com/fabiolb/fabio,SUCCESS,GoModules,True,GitHub Actions,f76356a49ab68cea1d49ff147ae8713ea3e7d976,2024-12-19T21:42:31Z
ent/ent,Go,16913,https://github.com/ent/ent,NO_CI,GoModules,True,GitHub Actions,c101cfa20553660343725b945445dedc568124ea,2025-01-18T07:43:29Z
fatedier/frp,Go,104394,https://github.com/fatedier/frp,SUCCESS,GoModules,True,GitHub Actions,092e5d3f94c76f744daed396195e6ca2f322ee96,2025-01-02T03:24:08Z
fatih/color,Go,7872,https://github.com/fatih/color,SUCCESS,GoModules,True,GitHub Actions,8ad1f030ed39b766ebb555e75acbae0cff941ed8,2025-02-05T01:27:02Z
filebrowser/filebrowser,Go,33377,https://github.com/filebrowser/filebrowser,SUCCESS,GoModules,True,GitHub Actions,d1c84a84123c77dede05c023b3697a432b56122c,2025-01-20T23:05:59Z
FiloSottile/age,Go,21238,https://github.com/FiloSottile/age,SUCCESS,GoModules,True,GitHub Actions,3d91014ea095e8d70f7c6c4833f89b53a96e0832,2025-02-01T17:15:20Z
fission/fission,Go,8827,https://github.com/fission/fission,FAILURE,GoModules,True,GitHub Actions,699011e18ef19068105875de787da0bd02c19523,2024-12-26T06:33:49Z
werf/werf,Go,4648,https://github.com/werf/werf,FAILURE,GoModules,True,GitHub Actions,076a52b443a04dacfbb7bb88da692b349336a463,2024-12-25T12:16:44Z
flosch/pongo2,Go,3026,https://github.com/flosch/pongo2,FAILURE,GoModules,True,GitHub Actions,a4346fd89eecfd9daabd528b376c76a1b55f4e2f,2026-01-05T16:18:47Z
fsnotify/fsnotify,Go,10540,https://github.com/fsnotify/fsnotify,SUCCESS,GoModules,True,GitHub Actions,7ed6dcb04612a4933ec8a40f98959c3e7c97f78e,2025-03-19T17:16:05Z
fsouza/go-dockerclient,Go,2235,https://github.com/fsouza/go-dockerclient,SUCCESS,GoModules,True,GitHub Actions,53be762dbe28e8d843be3aae87f7cdb79c5b5df2,2025-01-02T03:23:10Z
fullstorydev/grpcurl,Go,12435,https://github.com/fullstorydev/grpcurl,SUCCESS,GoModules,True,GitHub Actions,7e1a6c9068ad72a3045fb1da86e237dac2a730c1,2025-01-13T15:33:18Z
future-architect/vuls,Go,12044,https://github.com/future-architect/vuls,SUCCESS,GoModules,True,GitHub Actions,98351be8baf4ac0c975604f07f0613b6ff1d0974,2025-01-06T07:49:49Z
fyne-io/fyne,Go,27908,https://github.com/fyne-io/fyne,FAILURE,GoModules,True,GitHub Actions,e71bfd949567e3c9260fa431075f29e304699127,2025-07-23T00:44:56Z
gdamore/tcell,Go,5064,https://github.com/gdamore/tcell,FAILURE,GoModules,True,GitHub Actions,590f870e01eb4f55aad5a369ffd8ab1b36518d32,2025-11-30T17:30:06Z
getgauge/gauge,Go,3137,https://github.com/getgauge/gauge,SUCCESS,GoModules,True,GitHub Actions,c779a46f5817bdda21a447be66c421276c8fd0a3,2024-12-27T05:04:07Z
gin-gonic/gin,Go,87948,https://github.com/gin-gonic/gin,SUCCESS,GoModules,True,GitHub Actions,23d6961aeb9d2670a7b36c77cb180f479e220580,2024-12-30T03:39:24Z
ginuerzh/gost,Go,17579,https://github.com/ginuerzh/gost,SUCCESS,GoModules,True,GitHub Actions,87d6a2fdc2cc04fa6f7c90e6cc9e8406076f6928,2024-10-11T08:02:44Z
git-lfs/git-lfs,Go,14064,https://github.com/git-lfs/git-lfs,SUCCESS,GoModules,True,GitHub Actions,38d645f063a9c0f157763175df0ecae8653e6eb3,2024-12-20T01:17:03Z
github/gh-ost,Go,13205,https://github.com/github/gh-ost,SUCCESS,GoModules,True,GitHub Actions,ad5d3ea979502d9fe4b57bf5330ac91ef20f0824,2025-01-05T00:16:37Z
github/git-sizer,Go,3975,https://github.com/github/git-sizer,SUCCESS,GoModules,True,GitHub Actions,b84ee4d41db733827387690506556739b0c02817,2023-12-17T17:27:10Z
go-acme/lego,Go,9238,https://github.com/go-acme/lego,SUCCESS,GoModules,True,GitHub Actions,5f53d3e87d19999993ae81c69a25e43db42937ce,2025-01-02T22:59:02Z
go-chi/chi,Go,21546,https://github.com/go-chi/chi,SUCCESS,GoModules,True,GitHub Actions,71307f9b7e4e9527638bc951c42b782cd1560331,2025-01-20T20:41:44Z
go-delve/delve,Go,24584,https://github.com/go-delve/delve,FAILURE,GoModules,True,GitHub Actions,37422e602221a9f3e4d041c650a3b1ee2e0ba344,2025-01-03T18:40:56Z
go-gitea/gitea,Go,53650,https://github.com/go-gitea/gitea,SUCCESS,GoModules,True,GitHub Actions,1a7591d7f9feada9556627344ed2189315c23033,2024-12-25T05:03:43Z
go-ini/ini,Go,3537,https://github.com/go-ini/ini,SUCCESS,GoModules,True,GitHub Actions,54a0ff78ec7661a95ff5699bf96ed58629add0b6,2026-01-10T18:39:55Z
go-macaron/macaron,Go,3559,https://github.com/go-macaron/macaron,SUCCESS,GoModules,True,GitHub Actions,fd9e130ce7800c5269ebd1d3b7785b98a9250cc3,2025-01-14T02:15:40Z
go-pg/pg,Go,5787,https://github.com/go-pg/pg,SUCCESS,GoModules,True,GitHub Actions,6e60d54a787aeebb9d53f446ae93f462d635a8a2,2025-07-08T16:22:12Z
go-playground/validator,Go,19691,https://github.com/go-playground/validator,SUCCESS,GoModules,True,GitHub Actions,2cce309b681d803db45519afc303a5d1598d3de1,2025-01-13T02:30:34Z
redis/go-redis,Go,21915,https://github.com/redis/go-redis,SUCCESS,GoModules,True,GitHub Actions,e953b76fdb62aa70b6f569d34c2af92b497f395a,2025-01-15T09:24:47Z
go-resty/resty,Go,11526,https://github.com/go-resty/resty,SUCCESS,GoModules,True,GitHub Actions,af72a4ded0c71c63e0cbfd0609855b571efeb431,2024-12-29T01:52:35Z
go-shiori/shiori,Go,11262,https://github.com/go-shiori/shiori,SUCCESS,GoModules,True,GitHub Actions,306487a1452010286562018823530b5668f4a330,2024-12-22T18:29:08Z
go-sql-driver/mysql,Go,15421,https://github.com/go-sql-driver/mysql,SUCCESS,GoModules,True,GitHub Actions,255d1ad98f1d3be99661d2a8c0a7a91418acbc8d,2025-01-22T05:59:24Z
go-swagger/go-swagger,Go,9939,https://github.com/go-swagger/go-swagger,NO_CI,GoModules,True,GitHub Actions,7cee78a9b1492c5bb20d42cac2e967fa7dbda466,2025-03-14T15:04:24Z
go-task/task,Go,14801,https://github.com/go-task/task,SUCCESS,GoModules,True,GitHub Actions,9727eef476edea9892e7c60dcd8ad16019d4d207,2024-12-29T14:13:14Z
go-vgo/robotgo,Go,10610,https://github.com/go-vgo/robotgo,FAILURE,GoModules,True,GitHub Actions,471f7ba05fff5d516e33b94c0a80162f43e19ff5,2024-10-07T21:17:46Z
goadesign/goa,Go,6042,https://github.com/goadesign/goa,FAILURE,GoModules,True,GitHub Actions,74b89ef3614a1997edeb9380199898f7c81cb281,2025-01-07T03:32:09Z
gocolly/colly,Go,25071,https://github.com/gocolly/colly,SUCCESS,GoModules,True,GitHub Actions,99b7fb1b87d1491578f1fa9c222836341f533d75,2024-06-05T17:43:50Z
apache/cassandra-gocql-driver,Go,2678,https://github.com/apache/cassandra-gocql-driver,SUCCESS,GoModules,True,GitHub Actions,722707e3df954a43c5aa708de8569fff38f1d5a7,2025-07-03T14:43:20Z
gogf/gf,Go,13032,https://github.com/gogf/gf,SUCCESS,GoModules,True,GitHub Actions,3a19ee9268c131c50cc5c207f8fb310f01f07e44,2024-12-25T13:43:55Z
gogs/gogs,Go,47551,https://github.com/gogs/gogs,SUCCESS,GoModules,True,GitHub Actions,6b4e8668a1d631fc9c0c82c7123acb6bfed21f84,2024-12-26T16:15:44Z
goharbor/harbor,Go,27543,https://github.com/goharbor/harbor,SUCCESS,Unknown,False,GitHub Actions,462749a6338a3db4ba3a8bdc591fbde41f561c7c,2024-12-26T06:08:05Z
gohugoio/hugo,Go,86498,https://github.com/gohugoio/hugo,SUCCESS,GoModules,True,GitHub Actions,ec0caaec7ce41ca6236da9d661e92dc433e1951b,2024-12-25T18:31:47Z
gokcehan/lf,Go,9036,https://github.com/gokcehan/lf,SUCCESS,GoModules,True,GitHub Actions,2095efa6619ff3b77bf90d1dc7be45c5a84287ce,2025-01-15T02:06:00Z
golang-migrate/migrate,Go,18074,https://github.com/golang-migrate/migrate,SUCCESS,GoModules,True,GitHub Actions,7651c8a37ed0b473ce5d686830956a455a20a290,2025-01-27T01:04:55Z
golangci/golangci-lint,Go,18449,https://github.com/golangci/golangci-lint,SUCCESS,GoModules,True,GitHub Actions,286701c02715672d0265378f33f318710d819f13,2024-12-25T11:58:28Z
gomods/athens,Go,4710,https://github.com/gomods/athens,SUCCESS,GoModules,True,GitHub Actions,0a4b44bfb9e6d2208273fcab2405f97816036de8,2024-12-26T04:56:43Z
gomodule/redigo,Go,9884,https://github.com/gomodule/redigo,SUCCESS,GoModules,True,GitHub Actions,4646571ad7291f1697a705a40694a89aa0ae50a2,2025-01-07T13:31:26Z
gonum/gonum,Go,8302,https://github.com/gonum/gonum,SUCCESS,GoModules,True,GitHub Actions,ef1ae5e400898ca1f05e0136211fe08e09e31110,2025-01-14T20:34:43Z
goodrain/rainbond,Go,6103,https://github.com/goodrain/rainbond,SUCCESS,GoModules,True,GitHub Actions,979db9e17ec58d114f7deaf57b514df697b45f4d,2024-12-27T01:21:31Z
google/cadvisor,Go,18864,https://github.com/google/cadvisor,SUCCESS,GoModules,True,GitHub Actions,255cff7808a7d23802852e6fd9a12320b1035bf1,2024-10-25T22:42:49Z
google/go-cloud,Go,9859,https://github.com/google/go-cloud,SUCCESS,GoModules,True,GitHub Actions,9e81e8d4f2a83fc70eb74643da0485273ab2480d,2024-12-14T23:19:18Z
google/go-cmp,Go,4591,https://github.com/google/go-cmp,SUCCESS,GoModules,True,GitHub Actions,c3ad8435e7bef96af35732bc0789e5a2278c6d5f,2023-08-31T17:32:40Z
google/go-github,Go,11123,https://github.com/google/go-github,SUCCESS,GoModules,True,GitHub Actions,e1d7336d614a086b199e4ca3dda2e26edf3d1301,2024-12-23T20:02:11Z
google/gops,Go,6998,https://github.com/google/gops,SUCCESS,GoModules,True,GitHub Actions,bd3365ed88a029a1ebe1febffb21e725fd188d53,2024-11-08T22:52:37Z
google/gvisor,Go,17688,https://github.com/google/gvisor,FAILURE,GoModules,True,GitHub Actions,84172e4e70344ea9015242b146cf24c1ed0c0839,2024-12-26T20:51:43Z
ko-build/ko,Go,8336,https://github.com/ko-build/ko,FAILURE,GoModules,True,GitHub Actions,4ca64769d85e2961d510ad4e365f1f820ddd8c89,2025-01-07T01:24:07Z
google/pprof,Go,9049,https://github.com/google/pprof,SUCCESS,GoModules,True,GitHub Actions,40e02aabc2ad57b2edbe892564a0730aa40b1e50,2024-12-10T01:08:33Z
google/syzkaller,Go,6046,https://github.com/google/syzkaller,PENDING,GoModules,True,GitHub Actions,d3ccff6372e07c6aabd02b5da419aa6492b5f0ad,2024-12-26T09:12:48Z
google/trillian,Go,3700,https://github.com/google/trillian,SUCCESS,GoModules,True,GitHub Actions,6a022c80ca4d1fadb1916aa135ee3a6197d73a4f,2025-01-06T09:53:05Z
google/uuid,Go,5984,https://github.com/google/uuid,SUCCESS,GoModules,True,GitHub Actions,2d3c2a9cc518326daf99a383f07c4d3c44317e4d,2024-11-14T17:04:50Z
C2SP/wycheproof,Go,2984,https://github.com/C2SP/wycheproof,SUCCESS,GoModules,True,GitHub Actions,60744a36051ea1c13e945b7322df74ef3aedbd9d,2025-03-19T14:58:45Z
googleapis/google-cloud-go,Go,4415,https://github.com/googleapis/google-cloud-go,FAILURE,GoModules,True,GitHub Actions,1513106ba51540aef11a264d09e73f24350ad95b,2024-12-27T05:18:04Z
GoogleCloudPlatform/golang-samples,Go,4572,https://github.com/GoogleCloudPlatform/golang-samples,FAILURE,GoModules,True,GitHub Actions,8c36d515e3376e508514ba8a7d8ba9f662ec334b,2024-12-21T15:39:50Z
GoogleCloudPlatform/microservices-demo,Go,19775,https://github.com/GoogleCloudPlatform/microservices-demo,FAILURE,Unknown,False,GitHub Actions,c3f3899b09e705d818ab617ecd3c2e66af14412b,2024-12-28T05:22:52Z
GoogleCloudPlatform/terraformer,Go,14446,https://github.com/GoogleCloudPlatform/terraformer,SUCCESS,GoModules,True,GitHub Actions,210245b1eb47968451d306ad85978618a7bad35e,2025-03-26T20:32:33Z
GoogleContainerTools/skaffold,Go,15738,https://github.com/GoogleContainerTools/skaffold,SUCCESS,GoModules,True,GitHub Actions,1f7db8dd72b420d0d72b57d65358cbf9ebdbe51f,2024-12-16T14:09:28Z
googleforgames/agones,Go,6684,https://github.com/googleforgames/agones,FAILURE,GoModules,True,GitHub Actions,146fc317d8b739fd67218cacb16b5e72bc2422f5,2025-01-03T00:00:14Z
gopasspw/gopass,Go,6693,https://github.com/gopasspw/gopass,SUCCESS,GoModules,True,GitHub Actions,ffe02344dd25d4d04e0ceb911a6b65a57c885251,2025-01-02T10:31:54Z
gopherjs/gopherjs,Go,13120,https://github.com/gopherjs/gopherjs,SUCCESS,GoModules,True,GitHub Actions,75ff10ca9e14a6db1676da8057c72566de4723c2,2025-02-10T18:47:29Z
gopl-zh/gopl-zh.github.com,Go,4917,https://github.com/gopl-zh/gopl-zh.github.com,SUCCESS,GoModules,True,GitHub Actions,f15fcec33806abb279f9d29c9f1fa3c9eb1b741e,2025-07-28T04:56:18Z
goreleaser/goreleaser,Go,15553,https://github.com/goreleaser/goreleaser,SUCCESS,GoModules,True,GitHub Actions,cd6ede70e36ca6943234584a10da9a9bab2ffdec,2024-12-29T19:32:15Z
gorilla/sessions,Go,3129,https://github.com/gorilla/sessions,SUCCESS,GoModules,True,GitHub Actions,bb4cd60c952a9ce48ea0dc6cc7b282ff79c38263,2024-08-20T14:07:20Z
gotify/server,Go,14607,https://github.com/gotify/server,SUCCESS,GoModules,True,GitHub Actions,a0bad7bd5a7904b59b47171a18b57266cdfe306f,2025-01-17T05:51:08Z
grafana/loki,Go,27583,https://github.com/grafana/loki,SUCCESS,GoModules,True,GitHub Actions,8f0ba2eae6e01d96523d8a0d71fb0bf1ae29a224,2025-07-14T08:25:25Z
graph-gophers/graphql-go,Go,4740,https://github.com/graph-gophers/graphql-go,SUCCESS,GoModules,True,GitHub Actions,4eae0331f0a3546e8fb6977fa9e96a632468d0dc,2025-02-21T22:17:40Z
gravitational/teleport,Go,19814,https://github.com/gravitational/teleport,SUCCESS,GoModules,True,GitHub Actions,d9a78d08c32568bc359254964108a654ca6d56ef,2025-05-22T23:30:05Z
grpc-ecosystem/go-grpc-middleware,Go,6725,https://github.com/grpc-ecosystem/go-grpc-middleware,SUCCESS,GoModules,True,GitHub Actions,0e6517715bfc0e9a9a6c0934fd012d957b5ac117,2025-07-28T17:44:35Z
grpc-ecosystem/grpc-gateway,Go,19807,https://github.com/grpc-ecosystem/grpc-gateway,SUCCESS,GoModules,True,GitHub Actions,6ca0f7f6ebcfb8e768b05dd1f785e1d8ae2d8642,2024-12-27T00:02:34Z
grpc/grpc-go,Go,22779,https://github.com/grpc/grpc-go,PENDING,GoModules,True,GitHub Actions,6f41085574082e83c928771cd494613568fd8a38,2025-01-08T09:33:12Z
gruntwork-io/terragrunt,Go,9292,https://github.com/gruntwork-io/terragrunt,FAILURE,GoModules,True,GitHub Actions,54a810fddda0d2bfa0e0873da9d3db826fe6a09a,2025-01-06T15:38:05Z
gruntwork-io/terratest,Go,7872,https://github.com/gruntwork-io/terratest,FAILURE,GoModules,True,GitHub Actions,60f505a6dd291d799970fbc3e27cf16f42adecd6,2024-12-24T03:43:32Z
hajimehoshi/ebiten,Go,12935,https://github.com/hajimehoshi/ebiten,SUCCESS,GoModules,True,GitHub Actions,999c64cb7867c1383e77f4a6e7f66f593dc53434,2024-12-25T08:38:14Z
hashicorp/consul-template,Go,4836,https://github.com/hashicorp/consul-template,SUCCESS,GoModules,True,GitHub Actions,41c23d46e3b7e64e93f91740e57bc1e746aafcc1,2025-04-09T07:09:51Z
hashicorp/consul,Go,29732,https://github.com/hashicorp/consul,FAILURE,GoModules,True,GitHub Actions,88539f1b7e87174bb3fa265e6c449df3bf71fc06,2025-01-15T17:13:28Z
hashicorp/go-plugin,Go,5852,https://github.com/hashicorp/go-plugin,SUCCESS,GoModules,True,GitHub Actions,5b05b3e78c6c3e4e0b8f21a9921cbd739ba72f2a,2025-01-23T09:48:18Z
hashicorp/golang-lru,Go,4964,https://github.com/hashicorp/golang-lru,SUCCESS,GoModules,True,GitHub Actions,5ae5436527f83e84f0b2b78e99ee277082ff9db2,2024-12-23T05:04:26Z
hashicorp/hcl,Go,5796,https://github.com/hashicorp/hcl,SUCCESS,GoModules,True,GitHub Actions,2894e4c02b885467a8a6f2390e0349e6e8e3ae14,2025-01-17T07:26:42Z
hashicorp/memberlist,Go,4011,https://github.com/hashicorp/memberlist,NO_CI,GoModules,True,GitHub Actions,7c6b5761ea0a7f3ccfd5e602fc2c46d0b773ee36,2025-01-28T10:17:04Z
hashicorp/nomad,Go,16174,https://github.com/hashicorp/nomad,SUCCESS,GoModules,True,GitHub Actions,96f5a092d9f99cc9bafc2c8a76e688d69d04614f,2024-12-30T08:24:02Z
hashicorp/packer,Go,15593,https://github.com/hashicorp/packer,SUCCESS,GoModules,True,GitHub Actions,f24c978d46a581cb7524b5ef37e68afc82c31eda,2025-01-06T20:48:15Z
hashicorp/raft,Go,8920,https://github.com/hashicorp/raft,FAILURE,GoModules,True,GitHub Actions,7650cd01faf0eee77d24a4b5710d0101a4daf2ca,2025-01-09T16:33:23Z
hashicorp/serf,Go,6038,https://github.com/hashicorp/serf,NO_CI,GoModules,True,GitHub Actions,30e6e3ad8bf3289732b865a91234ee3546ead2be,2025-02-18T07:05:05Z
hashicorp/terraform,Go,47649,https://github.com/hashicorp/terraform,FAILURE,GoModules,True,GitHub Actions,337bf8e11b75dff87509455cabee60b023dd586e,2024-12-18T14:52:17Z
hashicorp/vault,Go,35003,https://github.com/hashicorp/vault,SUCCESS,GoModules,True,GitHub Actions,847597fbae0663870d492bc93ad7d57eb44b7627,2024-12-24T00:22:21Z
helm/chartmuseum,Go,3810,https://github.com/helm/chartmuseum,SUCCESS,GoModules,True,GitHub Actions,7908b93b3de39f43473d3921ca3d4c43ce68d761,2025-03-05T02:28:26Z
helm/helm,Go,29405,https://github.com/helm/helm,SUCCESS,GoModules,True,GitHub Actions,223629411903c26e12a53b72ce4e58b3364bdabd,2024-12-26T21:33:51Z
heroiclabs/nakama,Go,12202,https://github.com/heroiclabs/nakama,SUCCESS,GoModules,True,GitHub Actions,8a72e2c4b7a13425daf992c9b19e8a54488ef7be,2024-12-03T10:22:47Z
hybridgroup/gobot,Go,9376,https://github.com/hybridgroup/gobot,SUCCESS,GoModules,True,GitHub Actions,302614e008c53c3b2a37d8ea16fddca7dd52e4a3,2025-01-04T10:54:58Z
hybridgroup/gocv,Go,7377,https://github.com/hybridgroup/gocv,SUCCESS,GoModules,True,GitHub Actions,5a9af33da669ee76cecc1f8e99303c43fb9ca15e,2025-01-13T08:41:34Z
hyperledger/fabric,Go,16566,https://github.com/hyperledger/fabric,SUCCESS,GoModules,True,GitHub Actions,faa0a5f793ab2595c7a826ff58583ced6b4e84ca,2025-01-06T06:13:14Z
iawia002/lux,Go,30893,https://github.com/iawia002/lux,FAILURE,GoModules,True,GitHub Actions,da51ebaaa726d7d5d83aa57e6a665069b5c9e184,2021-07-12T06:58:30Z
imgproxy/imgproxy,Go,10412,https://github.com/imgproxy/imgproxy,SUCCESS,GoModules,True,GitHub Actions,c0eab33c564aee68388db1ff839a70744a576fe7,2025-01-07T17:51:04Z
influxdata/telegraf,Go,16686,https://github.com/influxdata/telegraf,FAILURE,GoModules,True,GitHub Actions,0c7c4242c6a4a710bd110a9e82052b2c60473ec2,2024-12-27T14:34:52Z
ipfs/kubo,Go,16905,https://github.com/ipfs/kubo,SUCCESS,GoModules,True,GitHub Actions,942542111447bbc076c9d20bc11ddb17fb410ea0,2024-12-30T05:27:41Z
jackc/pgx,Go,13309,https://github.com/jackc/pgx,FAILURE,GoModules,True,GitHub Actions,12b37f32185bc1fdd7cc37c2830cffface137028,2024-12-26T08:16:49Z
jaegertracing/jaeger,Go,22443,https://github.com/jaegertracing/jaeger,FAILURE,GoModules,True,GitHub Actions,ba6228f520668dca8ad1e6dff690dd470d7446c1,2024-12-25T05:26:39Z
JanDeDobbeleer/oh-my-posh,Go,21482,https://github.com/JanDeDobbeleer/oh-my-posh,SUCCESS,Unknown,False,GitHub Actions,d0ef5d36705430b78e4e76aa3080dfa0a393bef3,2025-01-01T21:52:43Z
jedisct1/piknik,Go,2510,https://github.com/jedisct1/piknik,SUCCESS,GoModules,True,GitHub Actions,dc5e5ad2a33d441d35b39a2d2a6280759ad12299,2025-12-19T14:36:00Z
redpanda-data/connect,Go,8582,https://github.com/redpanda-data/connect,SUCCESS,GoModules,True,GitHub Actions,9fd2d02d3d23063929a477f0c2d173bdfdbd832f,2024-12-26T01:24:08Z
jenkins-x/jx,Go,4686,https://github.com/jenkins-x/jx,SUCCESS,GoModules,True,GitHub Actions,bfc9d7fa7f59f24e740784fc2ee6d94e4793c692,2025-01-14T23:48:05Z
jesseduffield/lazydocker,Go,49604,https://github.com/jesseduffield/lazydocker,SUCCESS,GoModules,True,GitHub Actions,826f0293f14157979e09140fae8376958ba91dc5,2025-11-14T10:20:28Z
jesseduffield/lazygit,Go,72038,https://github.com/jesseduffield/lazygit,SUCCESS,GoModules,True,GitHub Actions,5fac40c129c7359d16fc44dacb2d71500694c923,2024-12-28T13:53:57Z
cert-manager/cert-manager,Go,13556,https://github.com/cert-manager/cert-manager,SUCCESS,GoModules,True,GitHub Actions,e7ee2b07f6e6241220cf7d3b487ad0d9628ee06c,2024-10-16T13:55:37Z
Jguer/yay,Go,13145,https://github.com/Jguer/yay,NO_CI,GoModules,True,GitHub Actions,670598912eba5b789d2ebf35aab3a1a9b07d6289,2025-03-09T21:20:50Z
johnkerl/miller,Go,9726,https://github.com/johnkerl/miller,SUCCESS,GoModules,True,GitHub Actions,6287b04fa8737677071777529bc3319be9e13166,2025-01-06T14:03:18Z
joho/godotenv,Go,10217,https://github.com/joho/godotenv,SUCCESS,GoModules,True,GitHub Actions,a2be92d182fc04da33b365bf47c17fe0f4808aea,2025-10-21T23:26:18Z
jpillora/chisel,Go,15568,https://github.com/jpillora/chisel,SUCCESS,GoModules,True,GitHub Actions,91d0f66cfa669b2240c24a2d79983ba4a4d76418,2025-09-11T12:17:06Z
jpillora/cloud-torrent,Go,6109,https://github.com/jpillora/cloud-torrent,SUCCESS,GoModules,True,GitHub Actions,c931df6a18a7ae1d0ff962de8348dc79ed4a1807,2024-11-30T00:19:26Z
juju/juju,Go,2595,https://github.com/juju/juju,FAILURE,GoModules,True,GitHub Actions,3d9c9871e43c17d75f0c14a478a649516081fa1b,2025-11-28T07:52:38Z
junegunn/fzf,Go,77668,https://github.com/junegunn/fzf,SUCCESS,GoModules,True,GitHub Actions,fe3a9c603e924425f80b87d76adb3e80d2bc668c,2024-12-26T05:58:10Z
nginx-proxy/docker-gen,Go,4614,https://github.com/nginx-proxy/docker-gen,SUCCESS,GoModules,True,GitHub Actions,5a740e74ddb1102912166e81bb6fed22ada6279d,2024-12-25T14:42:12Z
jwilder/dockerize,Go,5197,https://github.com/jwilder/dockerize,SUCCESS,GoModules,True,GitHub Actions,429f0c0a473b97dead8dc0e2d36568a2552c4393,2025-01-13T15:19:18Z
kedacore/keda,Go,9885,https://github.com/kedacore/keda,FAILURE,GoModules,True,GitHub Actions,b708a3ba188546241f8cde8ad2194b9c2d52b802,2022-07-18T15:26:23Z
kelseyhightower/envconfig,Go,5400,https://github.com/kelseyhightower/envconfig,SUCCESS,GoModules,True,GitHub Actions,7834011875d613aec60c606b52c2b0fe8949fe91,2025-06-28T02:01:37Z
keybase/client,Go,9163,https://github.com/keybase/client,FAILURE,Unknown,False,GitHub Actions,9d16aa2a51f6ddb17a763b244d9c7334fd55a6d1,2025-01-16T18:08:14Z
kiali/kiali,Go,3565,https://github.com/kiali/kiali,PENDING,GoModules,True,GitHub Actions,21425a5810044bce956d6fd7c1ab4f9756649d54,2024-12-31T10:40:07Z
knadh/listmonk,Go,18997,https://github.com/knadh/listmonk,SUCCESS,GoModules,True,GitHub Actions,b75de39fc2cb764d070d8df8b0f17a276ab4880c,2025-01-05T04:42:38Z
knative/serving,Go,5984,https://github.com/knative/serving,SUCCESS,GoModules,True,GitHub Actions,daae9fd9497c64369e882f881f62351cd96d535c,2024-12-26T12:22:10Z
knqyf263/pet,Go,5076,https://github.com/knqyf263/pet,SUCCESS,GoModules,True,GitHub Actions,9130fe97074f898267d0bacac47ba089b5b8c758,2025-01-21T07:45:02Z
kubeedge/kubeedge,Go,7360,https://github.com/kubeedge/kubeedge,SUCCESS,GoModules,True,GitHub Actions,a5f2705a7dbb21adddfbbad8f1c6317b2ac313c4,2024-12-25T08:58:38Z
kubernetes-sigs/external-dns,Go,8769,https://github.com/kubernetes-sigs/external-dns,SUCCESS,GoModules,True,GitHub Actions,ad9f30058949c4d2725175dd41131ae0c114ecee,2024-11-20T21:46:57Z
kubernetes-sigs/kind,Go,15008,https://github.com/kubernetes-sigs/kind,SUCCESS,GoModules,True,GitHub Actions,2e88d9d124a15dee59a099ecb2b188b8933fabd1,2024-12-13T19:24:10Z
kubernetes-sigs/krew,Go,6894,https://github.com/kubernetes-sigs/krew,SUCCESS,GoModules,True,GitHub Actions,43858152bdfd7b98fbf10b5c7fbb548ecf268d32,2025-02-21T06:22:30Z
kubernetes-sigs/kubebuilder,Go,8985,https://github.com/kubernetes-sigs/kubebuilder,SUCCESS,GoModules,True,GitHub Actions,703ad9e489b58becfc262798af027336a07b914e,2024-11-25T09:35:40Z
kubernetes-sigs/kustomize,Go,11932,https://github.com/kubernetes-sigs/kustomize,SUCCESS,Unknown,False,GitHub Actions,6c27970019456dc0cfe4928e3ac03e0fd6ff2415,2024-07-25T12:32:54Z
kubernetes-sigs/metrics-server,Go,6526,https://github.com/kubernetes-sigs/metrics-server,NO_CI,GoModules,True,GitHub Actions,2f516929d7eec1768c7ce3bfe9fcb6f4e9c0cb77,2024-12-13T09:55:30Z
kubernetes/autoscaler,Go,8760,https://github.com/kubernetes/autoscaler,SUCCESS,Unknown,False,GitHub Actions,451df430df0d0b8519c0812037a9da2012f5a6da,2024-12-27T12:48:12Z
kubernetes/ingress-nginx,Go,19432,https://github.com/kubernetes/ingress-nginx,SUCCESS,GoModules,True,GitHub Actions,efa41b7aaf60e386bc53f4b1343f37af7948d1d4,2024-12-25T01:11:18Z
kubernetes/kompose,Go,10435,https://github.com/kubernetes/kompose,SUCCESS,GoModules,True,GitHub Actions,b354989559016a6f0cc618738f313b9ab547bb45,2024-12-02T23:22:48Z
kubernetes/kops,Go,16552,https://github.com/kubernetes/kops,SUCCESS,GoModules,True,GitHub Actions,f58c770e6222408335a3138aceb807123d39a0c9,2024-12-27T02:33:06Z
kubernetes/kube-state-metrics,Go,6055,https://github.com/kubernetes/kube-state-metrics,SUCCESS,GoModules,True,GitHub Actions,20f30233bdadffe070eced5e6445a7dfecf01fcd,2024-11-21T16:49:07Z
kubernetes/kubeadm,Go,3954,https://github.com/kubernetes/kubeadm,NO_CI,Unknown,False,GitHub Actions,1c2d57263e8dd2ff890096e0b7de734546b786a4,2025-01-13T14:17:47Z
kubernetes/minikube,Go,31467,https://github.com/kubernetes/minikube,SUCCESS,GoModules,True,GitHub Actions,29758e1ff1caad70a8d0265aa6e9272879331bcc,2024-12-30T18:21:56Z
kubesphere/kubesphere,Go,16839,https://github.com/kubesphere/kubesphere,FAILURE,GoModules,True,GitHub Actions,255e9a228d76f0034206de67df6267c376dcdc35,2024-12-25T03:08:09Z
kubevirt/kubevirt,Go,6646,https://github.com/kubevirt/kubevirt,SUCCESS,GoModules,True,GitHub Actions,43f92eccbc4a3a56381a3d0ebf14ef98f7577d8a,2025-03-31T19:53:42Z
6boris/awesome-golang-algorithm,Go,3515,https://github.com/6boris/awesome-golang-algorithm,NO_CI,GoModules,True,GitHub Actions,68c77ff5d7397166fe941c59cc5aecf834d6360a,2024-12-25T01:19:17Z
labstack/echo,Go,32146,https://github.com/labstack/echo,SUCCESS,GoModules,True,GitHub Actions,ee3e1297788e8fc3543489ebc0d4e940be7c6532,2025-01-07T20:06:28Z
letsencrypt/boulder,Go,5641,https://github.com/letsencrypt/boulder,SUCCESS,GoModules,True,GitHub Actions,d3625f98812acd3f1aadec53fbc2bec162ea4baa,2025-01-06T20:05:14Z
levigross/grequests,Go,2186,https://github.com/levigross/grequests,SUCCESS,GoModules,True,GitHub Actions,3f3c12e4e7045edc1c5902428c8809aaeb48aefb,2025-06-06T03:18:59Z
lib/pq,Go,9789,https://github.com/lib/pq,SUCCESS,GoModules,True,GitHub Actions,05b0e79cddbef733792a74f987872ffda631e1a3,2025-12-31T04:43:52Z
libp2p/go-libp2p,Go,6708,https://github.com/libp2p/go-libp2p,FAILURE,GoModules,True,GitHub Actions,8f6d98d74cdaa3ed932c4d8c30319ebe87a28fdd,2024-12-25T13:17:51Z
mindoc-org/mindoc,Go,7815,https://github.com/mindoc-org/mindoc,SUCCESS,GoModules,True,GitHub Actions,7f25bc753335f8355889d0f0d34621a43251853a,2024-12-27T07:09:56Z
lightningnetwork/lnd,Go,8102,https://github.com/lightningnetwork/lnd,FAILURE,GoModules,True,GitHub Actions,160c2a9f68e2ff6cbeaf2b8a21ef48fea234bd53,2026-02-25T09:34:31Z
linkedin/Burrow,Go,3944,https://github.com/linkedin/Burrow,SUCCESS,GoModules,True,GitHub Actions,7f976663a68f3259906d149dc5e97bd8fc736d8e,2025-01-25T08:38:31Z
linkerd/linkerd2,Go,11283,https://github.com/linkerd/linkerd2,SUCCESS,GoModules,True,GitHub Actions,c98933a2f4c7600b20117491e8a6b52904362cb5,2025-01-05T18:21:33Z
linuxkit/linuxkit,Go,8576,https://github.com/linuxkit/linuxkit,SUCCESS,Unknown,False,GitHub Actions,d1b42ca0a8d8a9ebabd1aadeb3b7b0de514975ba,2025-01-07T19:44:21Z
lni/dragonboat,Go,5299,https://github.com/lni/dragonboat,SUCCESS,GoModules,True,GitHub Actions,89654d7708aefaff2f1689db1792d49a121bd5ee,2025-07-17T10:58:26Z
grafana/k6,Go,29885,https://github.com/grafana/k6,SUCCESS,GoModules,True,GitHub Actions,32e5189398d497a15510898a1f782eeb1791fa55,2025-01-03T10:00:09Z
quic-go/quic-go,Go,11417,https://github.com/quic-go/quic-go,SUCCESS,GoModules,True,GitHub Actions,baee2b4aa000b072091b4584b7f8414b457d40ec,2024-12-26T07:02:18Z
lxc/incus,Go,4847,https://github.com/lxc/incus,FAILURE,GoModules,True,GitHub Actions,29828726b932f28c2982e390af854e709433f146,2025-02-20T16:51:02Z
magefile/mage,Go,4560,https://github.com/magefile/mage,SUCCESS,GoModules,True,GitHub Actions,78acbaf2e3ae328b90ad0f72fa621e9f52828c97,2025-06-15T14:01:42Z
mailru/easyjson,Go,4859,https://github.com/mailru/easyjson,SUCCESS,GoModules,True,GitHub Actions,baefa5cf6e059ea01dc5e9924035bffa6cebaa64,2025-01-09T19:27:28Z
markbates/goth,Go,6442,https://github.com/markbates/goth,SUCCESS,GoModules,True,GitHub Actions,98b105c3296783cb69b5e1ccef3cbb65ba049b87,2025-03-10T05:27:47Z
maruel/panicparse,Go,3716,https://github.com/maruel/panicparse,SUCCESS,GoModules,True,GitHub Actions,9264a04b1be58e6a80d9195994ae2d1e2d039276,2025-02-11T13:57:34Z
Masterminds/sprig,Go,4687,https://github.com/Masterminds/sprig,SUCCESS,GoModules,True,GitHub Actions,2a22781012ea8da7e8813ca5c940ed0a323f8058,2025-07-10T20:26:59Z
matcornic/hermes,Go,3045,https://github.com/matcornic/hermes,SUCCESS,GoModules,True,GitHub Actions,222c0d37ee220d36eab083e71cd541a9af345205,2025-04-03T18:48:48Z
maxence-charriere/go-app,Go,8859,https://github.com/maxence-charriere/go-app,SUCCESS,GoModules,True,GitHub Actions,cdfaf82ebdde0d71cc8bb5ea9428438f4b3d1def,2025-03-04T08:46:19Z
metallb/metallb,Go,8051,https://github.com/metallb/metallb,SUCCESS,GoModules,True,GitHub Actions,123811788f040395469c73ea70ad77e8eca80141,2025-01-13T08:10:41Z
mgechev/revive,Go,5393,https://github.com/mgechev/revive,SUCCESS,GoModules,True,GitHub Actions,d9c61c1518f16418ad94d92b2d5976c266e0ad6e,2025-01-23T08:17:24Z
caddyserver/certmagic,Go,5434,https://github.com/caddyserver/certmagic,SUCCESS,GoModules,True,GitHub Actions,f7a944161c5e55a1eb56419d1356b75114216689,2025-01-03T18:26:16Z
git-bug/git-bug,Go,9667,https://github.com/git-bug/git-bug,SUCCESS,GoModules,True,GitHub Actions,d499b6e9d3333334614924669b74640a2d0b5485,2024-12-09T12:00:04Z
micro/go-micro,Go,22699,https://github.com/micro/go-micro,SUCCESS,GoModules,True,GitHub Actions,3fa2a38d76530a3cd7fb2cb4b0b6b03093881d00,2025-04-23T11:21:21Z
miekg/dns,Go,8632,https://github.com/miekg/dns,SUCCESS,GoModules,True,GitHub Actions,cbe4275da1c1c2dfcbaf7c37224cbb9a1e49e706,2025-01-24T10:27:49Z
mikefarah/yq,Go,14852,https://github.com/mikefarah/yq,SUCCESS,GoModules,True,GitHub Actions,c02d44de6322a0d095929f7e744ecc9aa9fbe615,2025-01-12T03:02:38Z
milvus-io/milvus,Go,42694,https://github.com/milvus-io/milvus,PENDING,GoModules,True,GitHub Actions,c7313575385aebc36ada8883f941a1a7e23f6ef4,2024-12-25T02:24:50Z
miniflux/v2,Go,8738,https://github.com/miniflux/v2,SUCCESS,GoModules,True,GitHub Actions,89620a7dd2e651fa399e9eff83231a0c5c6a25ed,2024-12-26T18:39:55Z
minio/minio,Go,60172,https://github.com/minio/minio,FAILURE,GoModules,True,GitHub Actions,43a74029685512ce9b1b76c053d48b43fc8d64fc,2025-01-03T05:34:47Z
mlabouardy/komiser,Go,4108,https://github.com/mlabouardy/komiser,SUCCESS,GoModules,True,GitHub Actions,8e60c7c64e909c671f3e6596a27777b42196735c,2024-12-17T10:25:20Z
mmcgrana/gobyexample,Go,7987,https://github.com/mmcgrana/gobyexample,SUCCESS,GoModules,True,GitHub Actions,795124176cc36416c7bb5bdb1854f33fcc814732,2024-12-30T14:58:35Z
moby/buildkit,Go,9751,https://github.com/moby/buildkit,FAILURE,GoModules,True,GitHub Actions,586170adcf551434dcb878ba707ba7208987b769,2024-12-28T11:35:55Z
moby/moby,Go,71460,https://github.com/moby/moby,FAILURE,GoModules,True,GitHub Actions,bb858f3b275c3aa0abfef64a92b78092b36ec3a2,2025-06-19T08:29:43Z
moncho/dry,Go,3217,https://github.com/moncho/dry,SUCCESS,GoModules,True,GitHub Actions,930fd159c1c16c81a1d44e2c21d7e6837f69a8f8,2025-02-19T13:05:22Z
mongodb/mongo-go-driver,Go,8502,https://github.com/mongodb/mongo-go-driver,SUCCESS,GoModules,True,GitHub Actions,c6d13693a881560f3a85a1729e7f074c5f459c7d,2024-12-10T16:30:56Z
GopeedLab/gopeed,Go,22661,https://github.com/GopeedLab/gopeed,SUCCESS,GoModules,True,GitHub Actions,a3f559c8e5e7d3797b824047cf4c970814dcaa30,2024-12-25T14:55:33Z
montanaflynn/stats,Go,3001,https://github.com/montanaflynn/stats,SUCCESS,GoModules,True,GitHub Actions,48c484bcc27e9964b666b10fdf711ea5c5c31a77,2025-03-25T18:55:51Z
MontFerret/ferret,Go,5914,https://github.com/MontFerret/ferret,FAILURE,GoModules,True,GitHub Actions,fff3c6e615f26e98280f785ec3ef95deb0753876,2024-11-08T20:10:25Z
mosn/mosn,Go,4535,https://github.com/mosn/mosn,NO_CI,GoModules,True,GitHub Actions,ac9db47d6e11e112ee7848dfa6a0df7fc87e7516,2020-03-17T05:38:58Z
x-motemen/gore,Go,5456,https://github.com/x-motemen/gore,SUCCESS,GoModules,True,GitHub Actions,2b94d70f5aa560cc34a3102306763097cf9280d4,2025-02-24T11:16:54Z
moul/assh,Go,3192,https://github.com/moul/assh,SUCCESS,GoModules,True,GitHub Actions,b43b209c2e9afc0f768788bff04e74184f315c68,2022-11-14T05:27:21Z
getsops/sops,Go,20729,https://github.com/getsops/sops,SUCCESS,GoModules,True,GitHub Actions,5cc2d3b6a227e1b706cd1877da8a84a1db3d5d6c,2024-12-25T15:54:03Z
mpolden/echoip,Go,4247,https://github.com/mpolden/echoip,SUCCESS,GoModules,True,GitHub Actions,f895ed9f069dd1c61a883a9784f4a18c570c3940,2026-02-07T19:27:33Z
mvdan/sh,Go,8449,https://github.com/mvdan/sh,SUCCESS,GoModules,True,GitHub Actions,86363cf9e8134dbfa908eabf3f4366c9bd6705ce,2024-12-26T12:19:42Z
nats-io/nats-server,Go,19125,https://github.com/nats-io/nats-server,SUCCESS,GoModules,True,GitHub Actions,39b7bd1e8b75d42d04228f9fb2a1bdf6804ce19c,2024-12-27T11:10:07Z
nats-io/nats.go,Go,6427,https://github.com/nats-io/nats.go,SUCCESS,GoModules,True,GitHub Actions,1474bf3a394fc7e0ccb539c82258a167058b622c,2025-01-07T11:21:28Z
nektos/act,Go,68664,https://github.com/nektos/act,SUCCESS,GoModules,True,GitHub Actions,fe017a109f2b78fa5d8cdd3ad2c5691443665c89,2024-12-25T01:43:09Z
nginx/kubernetes-ingress,Go,4955,https://github.com/nginx/kubernetes-ingress,SUCCESS,GoModules,True,GitHub Actions,77b7f68507aeaa8d965d4d0d2c1fae57d1b1c986,2025-01-06T11:17:26Z
nsf/termbox-go,Go,4763,https://github.com/nsf/termbox-go,SUCCESS,GoModules,True,GitHub Actions,64ab22375a41c4a347b1d74b3ccb26e7b370aa21,2025-10-20T05:58:11Z
nsqio/go-nsq,Go,2660,https://github.com/nsqio/go-nsq,SUCCESS,GoModules,True,GitHub Actions,d54534195e974483777d45774856cf315af7d2f7,2025-03-13T13:42:51Z
nsqio/nsq,Go,25926,https://github.com/nsqio/nsq,FAILURE,GoModules,True,GitHub Actions,8e7f8d10ab5c213583abba6edd1e3c7a9035c6b3,2024-12-26T04:15:39Z
nuclio/nuclio,Go,5679,https://github.com/nuclio/nuclio,SUCCESS,GoModules,True,GitHub Actions,2995a1908bb9b8a261146b6b0902a4c2b94ad41c,2024-12-24T19:17:15Z
OJ/gobuster,Go,13384,https://github.com/OJ/gobuster,SUCCESS,GoModules,True,GitHub Actions,032b99f4878fe15bcdb272bab37f5f0e364b1410,2025-01-05T13:12:31Z
oklog/ulid,Go,4982,https://github.com/oklog/ulid,SUCCESS,GoModules,True,GitHub Actions,96c4edf226ef639c92f96f42c7c2a161ae0e1a66,2024-04-13T18:09:41Z
olahol/melody,Go,4062,https://github.com/olahol/melody,SUCCESS,GoModules,True,GitHub Actions,592352f68e98061a64fc140d793cf144392554d5,2025-06-08T08:27:50Z
olekukonko/tablewriter,Go,4766,https://github.com/olekukonko/tablewriter,SUCCESS,GoModules,True,GitHub Actions,926ba07447b4e5d3e9ede945764886e4ee6d765d,2025-04-07T21:34:20Z
onsi/ginkgo,Go,8945,https://github.com/onsi/ginkgo,SUCCESS,GoModules,True,GitHub Actions,a96c44fb472ad013fd461c6f711c6875b412f250,2024-12-30T10:04:17Z
open-policy-agent/opa,Go,11209,https://github.com/open-policy-agent/opa,SUCCESS,GoModules,True,GitHub Actions,00cc7ae2757b456f60e211ea55319175ae669556,2024-12-20T21:14:34Z
opencontainers/runc,Go,13041,https://github.com/opencontainers/runc,SUCCESS,GoModules,True,GitHub Actions,f848304994b81112746b844eecd424e5f3914606,2024-12-25T15:29:14Z
opencontainers/runtime-spec,Go,3550,https://github.com/opencontainers/runtime-spec,SUCCESS,Unknown,False,GitHub Actions,b9e8fdb0057941a0b0bf445451360e8be61ae833,2024-12-16T18:28:10Z
openfaas/faas-netes,Go,2166,https://github.com/openfaas/faas-netes,FAILURE,GoModules,True,GitHub Actions,0b2dbf42a3dc694c3de2ecac68a065ac0f483fbf,2025-01-10T14:59:24Z
openfaas/faas,Go,26082,https://github.com/openfaas/faas,SUCCESS,GoModules,True,GitHub Actions,16834ccbf4301a4f671083c5f040f698764ae4cf,2025-02-26T12:43:22Z
operator-framework/operator-sdk,Go,7606,https://github.com/operator-framework/operator-sdk,SUCCESS,GoModules,True,GitHub Actions,a995724bc28e227d2ac741185f5d2bcccaa716a8,2025-01-03T17:15:02Z
ory/hydra,Go,16915,https://github.com/ory/hydra,FAILURE,GoModules,True,GitHub Actions,8ca6cbd1ab4fe659a0a9feff82766961de6c1d77,2025-01-11T12:32:35Z
ory/ladon,Go,2456,https://github.com/ory/ladon,SUCCESS,GoModules,True,GitHub Actions,1d977e5d136de615c8a3c77cd9d74c3a95be99a8,2024-12-31T10:30:36Z
ory/oathkeeper,Go,3521,https://github.com/ory/oathkeeper,FAILURE,GoModules,True,GitHub Actions,ff93a23cdbe3fe631a5eed8df4f0646f26facdfd,2025-01-29T09:55:40Z
osrg/gobgp,Go,3984,https://github.com/osrg/gobgp,SUCCESS,GoModules,True,GitHub Actions,f1087dbe7e4fc897e30f896ea69f8fc28e55cd1a,2024-12-31T22:48:47Z
owasp-amass/amass,Go,14106,https://github.com/owasp-amass/amass,SUCCESS,GoModules,True,GitHub Actions,531b7dcc5faaf6a4edc642f1f12f63703722c8c8,2025-02-05T00:40:40Z
panjf2000/ants,Go,14325,https://github.com/panjf2000/ants,SUCCESS,GoModules,True,GitHub Actions,4f33c6ef273c3785965a21e63f9f5accbc47b16d,2025-01-12T02:38:09Z
panjf2000/gnet,Go,11082,https://github.com/panjf2000/gnet,SUCCESS,GoModules,True,GitHub Actions,1de2082b26464596526083376792e54b8dc6facc,2025-01-04T13:09:44Z
peco/peco,Go,7858,https://github.com/peco/peco,FAILURE,GoModules,True,GitHub Actions,23707858fe06cd9386d93e6489f094d28c9e8faa,2025-11-09T19:32:53Z
perkeep/perkeep,Go,7095,https://github.com/perkeep/perkeep,SUCCESS,GoModules,True,GitHub Actions,c7e11582e25b0e062eb224fda3f102eddb82ec44,2025-02-22T17:41:41Z
photoprism/photoprism,Go,39236,https://github.com/photoprism/photoprism,NO_CI,GoModules,True,GitHub Actions,0614317f6fdd8d9d365df83143a3157d898a264a,2024-12-30T13:11:20Z
pingcap/tidb,Go,39723,https://github.com/pingcap/tidb,FAILURE,GoModules,True,GitHub Actions,444a1b9dab14ba7031b800214faeb30823054eeb,2024-12-25T08:45:12Z
pion/webrtc,Go,16010,https://github.com/pion/webrtc,FAILURE,GoModules,True,GitHub Actions,3f246fdad234e3bb704030aa9c31a2f1408e4ab3,2024-12-24T20:12:04Z
prest/prest,Go,4518,https://github.com/prest/prest,SUCCESS,GoModules,True,GitHub Actions,ec9f48b4e7933dd296ed4e83d13ac8cd0fdf681e,2024-11-28T13:28:03Z
projectcalico/calico,Go,7055,https://github.com/projectcalico/calico,FAILURE,GoModules,True,GitHub Actions,3699e4993627f2388cd0d112afac9ec8475c35a3,2024-12-26T17:09:08Z
projectdiscovery/subfinder,Go,13046,https://github.com/projectdiscovery/subfinder,NO_CI,GoModules,True,GitHub Actions,3315e12136782be008bf61ece8cbf375ec05cb09,2024-12-30T14:53:16Z
prometheus/alertmanager,Go,8349,https://github.com/prometheus/alertmanager,SUCCESS,GoModules,True,GitHub Actions,a48aa651bf8c30b764559efcb62d80290635c90f,2025-01-01T15:23:10Z
prometheus/client_golang,Go,5904,https://github.com/prometheus/client_golang,SUCCESS,GoModules,True,GitHub Actions,74e0f307615b94bfcee691273ec56d531e4478c7,2024-12-29T17:47:39Z
prometheus/node_exporter,Go,13122,https://github.com/prometheus/node_exporter,SUCCESS,GoModules,True,GitHub Actions,c3c8645923e821de3fbe0f040708310163388cc1,2024-12-29T18:18:49Z
prometheus/prometheus,Go,62642,https://github.com/prometheus/prometheus,FAILURE,GoModules,True,GitHub Actions,b7a5e280dfa15c9b9acef6c0f228ad17e708e1ff,2024-12-20T13:48:46Z
PuerkitoBio/goquery,Go,14901,https://github.com/PuerkitoBio/goquery,SUCCESS,GoModules,True,GitHub Actions,985aab32bab2da927c5db0e34492885a81c5baa3,2024-12-26T16:39:06Z
pulumi/kubespy,Go,3033,https://github.com/pulumi/kubespy,SUCCESS,GoModules,True,GitHub Actions,80822756c2514a5d5fd5e4b6f67abd092e1559d6,2025-05-01T17:16:44Z
pulumi/pulumi,Go,24681,https://github.com/pulumi/pulumi,SUCCESS,Unknown,False,GitHub Actions,dc67532353c96b56bdb190b6cd0660360fa8fddb,2024-12-25T16:04:40Z
purpleidea/mgmt,Go,4173,https://github.com/purpleidea/mgmt,SUCCESS,GoModules,True,GitHub Actions,c5d7fdb0a3ca0a7a509baf3e1e5dacae191e7321,2025-04-22T07:18:49Z
quay/clair,Go,10926,https://github.com/quay/clair,SUCCESS,GoModules,True,GitHub Actions,05680a2bd328410c3aa19de39f3226acc3c234d6,2024-10-09T16:06:51Z
quii/learn-go-with-tests,Go,23491,https://github.com/quii/learn-go-with-tests,SUCCESS,GoModules,True,GitHub Actions,2602da39b8d461b652e629ca068ee2bb9a83fcbf,2024-12-25T18:46:35Z
rakyll/hey,Go,19728,https://github.com/rakyll/hey,SUCCESS,GoModules,True,GitHub Actions,50df51ac6077e9fbbce25f4d6d8a28b779c19dc8,2026-01-10T19:58:02Z
k3s-io/k3s,Go,32144,https://github.com/k3s-io/k3s,FAILURE,GoModules,True,GitHub Actions,e64e2fcfd476b4b5669c6845b3a643117f574351,2025-01-03T17:30:31Z
rancher/rancher,Go,25343,https://github.com/rancher/rancher,PENDING,GoModules,True,GitHub Actions,f9879edd52f3df6ee678eb56d25e2be698b2ab81,2024-12-30T10:34:23Z
rancher/rke,Go,3297,https://github.com/rancher/rke,SUCCESS,GoModules,True,GitHub Actions,a7c712c5badde28b6bd4a2af2a21e6ae8c191a57,2025-01-06T07:47:29Z
raviqqe/muffet,Go,2590,https://github.com/raviqqe/muffet,NO_CI,GoModules,True,GitHub Actions,ca2f1a05c099919bd9c2ba69a431497697ac8d74,2025-01-17T13:48:42Z
rclone/rclone,Go,55469,https://github.com/rclone/rclone,FAILURE,GoModules,True,GitHub Actions,05f000b0763d2490742f9d887eca394c4ce38019,2024-12-27T11:32:43Z
ReactiveX/RxGo,Go,5087,https://github.com/ReactiveX/RxGo,SUCCESS,GoModules,True,GitHub Actions,e89d207a9f4c73f051c24ea7e4f96e6ec7ed3d7a,2025-01-08T23:18:29Z
restic/restic,Go,32169,https://github.com/restic/restic,SUCCESS,GoModules,True,GitHub Actions,caa59bb81b5afaac43636e1656774e384611e97e,2025-01-01T01:54:05Z
reviewdog/reviewdog,Go,9066,https://github.com/reviewdog/reviewdog,FAILURE,GoModules,True,GitHub Actions,1ca94f83846718145672bf4029fe7e578b71a99d,2025-01-03T01:27:13Z
rook/rook,Go,13367,https://github.com/rook/rook,FAILURE,GoModules,True,GitHub Actions,59c5c045b76a2c5061fe5e7eb21749d6c9542113,2025-01-13T17:56:24Z
rqlite/rqlite,Go,17301,https://github.com/rqlite/rqlite,SUCCESS,GoModules,True,GitHub Actions,6ee9441f4ee6265dabdeadd0f18661e5f3f5b001,2025-01-13T22:26:21Z
rs/zerolog,Go,12195,https://github.com/rs/zerolog,SUCCESS,GoModules,True,GitHub Actions,31e7995c5b60af4ba6ae1aa808a026f8cbf3b8cf,2024-12-27T02:41:46Z
rtr7/router7,Go,2745,https://github.com/rtr7/router7,SUCCESS,GoModules,True,GitHub Actions,07325dde93e5a788597cedbfa3a7a60f87c6a717,2025-01-12T09:29:42Z
rubenv/sql-migrate,Go,3402,https://github.com/rubenv/sql-migrate,SUCCESS,GoModules,True,GitHub Actions,67a517e26c33782114fbb0a9299cdd3dab4bbef3,2025-04-15T20:13:46Z
runatlantis/atlantis,Go,8823,https://github.com/runatlantis/atlantis,SUCCESS,GoModules,True,GitHub Actions,cff2fb5b3f31ec9f84c377f3c5f7b5b5cf960925,2024-12-25T01:38:44Z
schollz/croc,Go,34111,https://github.com/schollz/croc,SUCCESS,GoModules,True,GitHub Actions,bc5063e2c5fc01a072bf025e198b7336249bf60c,2024-12-28T17:43:01Z
securego/gosec,Go,8656,https://github.com/securego/gosec,SUCCESS,GoModules,True,GitHub Actions,eb95db1c7689fe5191547206ea06ed422e49eb89,2024-12-30T14:47:51Z
shazow/ssh-chat,Go,5842,https://github.com/shazow/ssh-chat,SUCCESS,GoModules,True,GitHub Actions,2dc875817decc3aefb35935c331c11f22b1ecd5e,2025-03-06T17:47:46Z
shirou/gopsutil,Go,11703,https://github.com/shirou/gopsutil,SUCCESS,GoModules,True,GitHub Actions,69c2c10b0f418d2aa6302da6a38f0f853421bd53,2024-12-28T07:16:52Z
Shopify/go-lua,Go,3411,https://github.com/Shopify/go-lua,SUCCESS,GoModules,True,GitHub Actions,019e4c4db1dfdfaf4764d22b3011fac707154542,2025-04-28T19:58:33Z
IBM/sarama,Go,12421,https://github.com/IBM/sarama,SUCCESS,GoModules,True,GitHub Actions,88fd71312bfba56f8eb30e8284a48cd20cffca2b,2024-12-25T09:59:12Z
Shopify/toxiproxy,Go,11822,https://github.com/Shopify/toxiproxy,SUCCESS,GoModules,True,GitHub Actions,8e9286cba5b6876a3098a07bcf3fd68cb3e63233,2025-01-06T14:17:16Z
shopspring/decimal,Go,7229,https://github.com/shopspring/decimal,SUCCESS,GoModules,True,GitHub Actions,01bb2034de74b9ea8251025e942a5806dbec1dbf,2025-06-23T19:07:38Z
go-mysql-org/go-mysql,Go,4918,https://github.com/go-mysql-org/go-mysql,SUCCESS,GoModules,True,GitHub Actions,f87f8bcd979c18ef411685353336f479960e3fbe,2024-12-25T10:03:47Z
silenceper/wechat,Go,5218,https://github.com/silenceper/wechat,SUCCESS,GoModules,True,GitHub Actions,d38e750876663d51d05987c464971b0e5003d13f,2025-01-03T02:32:30Z
sirupsen/logrus,Go,25692,https://github.com/sirupsen/logrus,SUCCESS,GoModules,True,GitHub Actions,530e92340dcad9a9e028e36ad358475bc3537fb4,2025-06-20T03:22:20Z
sjqzhang/go-fastdfs,Go,4127,https://github.com/sjqzhang/go-fastdfs,SUCCESS,GoModules,True,GitHub Actions,9594d1686f6718a07beb4e223888772ab683245f,2024-12-26T14:48:23Z
slackhq/nebula,Go,16908,https://github.com/slackhq/nebula,SUCCESS,GoModules,True,GitHub Actions,351dbd60596da90466b6e27a4f6d9051d7bd5c4a,2025-03-06T17:29:38Z
smallnest/rpcx,Go,8282,https://github.com/smallnest/rpcx,SUCCESS,GoModules,True,GitHub Actions,a09a36217fab0a38421661cc6732cda21a80bc5e,2025-01-10T07:42:20Z
solo-io/gloo,Go,149,https://github.com/solo-io/gloo,SUCCESS,GoModules,True,GitHub Actions,599a44ec00b558a706d19a93433927ace7510288,2024-12-27T21:07:36Z
sosedoff/pgweb,Go,9250,https://github.com/sosedoff/pgweb,SUCCESS,GoModules,True,GitHub Actions,8413681db02784096087d093697e0a12ea2e3114,2025-03-30T15:28:18Z
sourcegraph/checkup,Go,3458,https://github.com/sourcegraph/checkup,SUCCESS,GoModules,True,GitHub Actions,20d72facb19846342d219a578b96271249584a8b,2025-01-02T04:01:04Z
SpectoLabs/hoverfly,Go,2462,https://github.com/SpectoLabs/hoverfly,SUCCESS,GoModules,True,GitHub Actions,3924ef2559fd55607aedef63cb0665091c5dcf11,2025-01-08T22:19:46Z
spf13/afero,Go,6551,https://github.com/spf13/afero,SUCCESS,GoModules,True,GitHub Actions,ee6eef77ef4a6c73b07a4bc070a9a2f076fd121e,2023-09-22T14:18:35Z
spf13/cobra,Go,43114,https://github.com/spf13/cobra,SUCCESS,GoModules,True,GitHub Actions,d1e9d85fcf592461f3bc2f4b6d5e140c4c0aabf8,2024-12-28T22:07:03Z
spf13/viper,Go,29973,https://github.com/spf13/viper,FAILURE,GoModules,True,GitHub Actions,91fd3639d7b10935d3e1308d350a7f727834561e,2025-01-09T11:31:49Z
roadrunner-server/roadrunner,Go,8387,https://github.com/roadrunner-server/roadrunner,FAILURE,GoModules,True,GitHub Actions,9fd3f2964feda0981dbc837c0dafc6ab0487b096,2024-12-30T17:12:18Z
stretchr/testify,Go,25766,https://github.com/stretchr/testify,SUCCESS,GoModules,True,GitHub Actions,ca6698b8a1c4617c5ca4333ce0c878e91c506702,2024-12-31T22:09:40Z
swaggo/swag,Go,12590,https://github.com/swaggo/swag,SUCCESS,GoModules,True,GitHub Actions,94ff0fcc35857862b6c1f2bac2063e84522b6b50,2024-12-28T12:28:56Z
syncthing/syncthing,Go,79796,https://github.com/syncthing/syncthing,SUCCESS,GoModules,True,GitHub Actions,1d2c53bf3c80a22d012211454ea3de015e0d34eb,2024-12-28T16:09:38Z
siderolabs/talos,Go,9854,https://github.com/siderolabs/talos,SUCCESS,GoModules,True,GitHub Actions,7e5d36d469ff01153f40b16ab722f0ebe25d41ae,2024-12-25T05:06:31Z
tdewolff/minify,Go,4060,https://github.com/tdewolff/minify,SUCCESS,GoModules,True,GitHub Actions,a0c9f63059c5dbd946b0064ccbe146100fd82d22,2025-01-01T19:52:28Z
tektoncd/pipeline,Go,8878,https://github.com/tektoncd/pipeline,SUCCESS,GoModules,True,GitHub Actions,41394c378af1888b24aaa3f4c7b4aa87087fa635,2025-01-02T16:34:49Z
telepresenceio/telepresence,Go,7127,https://github.com/telepresenceio/telepresence,SUCCESS,GoModules,True,GitHub Actions,a9540d99137a4eaaae95bf0afa75083818937d05,2024-12-30T07:25:19Z
hashicorp/terraform-provider-aws,Go,10740,https://github.com/hashicorp/terraform-provider-aws,PENDING,GoModules,True,GitHub Actions,60b814241d19d8cd220df6a273250289f39034a5,2026-02-24T13:44:41Z
thanos-io/thanos,Go,13957,https://github.com/thanos-io/thanos,FAILURE,GoModules,True,GitHub Actions,ca40906c83d94cfcbe4bcc181a286663aeb268d5,2024-12-31T21:44:21Z
gotenberg/gotenberg,Go,11189,https://github.com/gotenberg/gotenberg,FAILURE,GoModules,True,GitHub Actions,910eb9b770fad7a7aac74add8b2573b880a10961,2024-12-25T16:04:25Z
ThreeDotsLabs/watermill,Go,9509,https://github.com/ThreeDotsLabs/watermill,SUCCESS,GoModules,True,GitHub Actions,7ff9f492c1ad12f77fc527fc3971adb15942aa89,2025-01-08T12:31:33Z
tidwall/tile38,Go,9575,https://github.com/tidwall/tile38,SUCCESS,GoModules,True,GitHub Actions,e6f184d507e7812a6e74a3cb512103687a57c1b9,2025-01-02T23:39:22Z
tinygo-org/tinygo,Go,17147,https://github.com/tinygo-org/tinygo,SUCCESS,GoModules,True,GitHub Actions,b898916d521fefef68ab3d907a2b08f44ad4dc7d,2024-12-26T09:49:48Z
tomnomnom/gron,Go,14366,https://github.com/tomnomnom/gron,SUCCESS,GoModules,True,GitHub Actions,44c7402e89f7cf01a0fc601673ef8607ae77fbac,2025-05-30T10:12:34Z
ondrajz/go-callvis,Go,6451,https://github.com/ondrajz/go-callvis,SUCCESS,GoModules,True,GitHub Actions,73065024adcdc9644cd51d5353a8b489bdd4e223,2024-12-30T16:56:53Z
tsenart/vegeta,Go,24898,https://github.com/tsenart/vegeta,SUCCESS,GoModules,True,GitHub Actions,03ca49e9b419c106db29d687827c4c823d8b8ece,2024-07-29T17:33:44Z
tsuru/tsuru,Go,5249,https://github.com/tsuru/tsuru,SUCCESS,GoModules,True,GitHub Actions,467ec81b1c14061caf742615952e9c773de6de94,2025-01-14T17:31:20Z
tus/tusd,Go,3702,https://github.com/tus/tusd,FAILURE,GoModules,True,GitHub Actions,5d7add0b2f13d9a1d14179083520e78a054a02c7,2025-03-05T10:53:42Z
twpayne/chezmoi,Go,17936,https://github.com/twpayne/chezmoi,SUCCESS,GoModules,True,GitHub Actions,dbd73fa5b001672e65f48c23bdb571815376f474,2024-12-28T16:08:18Z
txn2/kubefwd,Go,4039,https://github.com/txn2/kubefwd,SUCCESS,GoModules,True,GitHub Actions,87f8cf07c2466ec2d4276eddecbebf1bb651b819,2025-12-29T09:04:28Z
txthinking/brook,Go,15093,https://github.com/txthinking/brook,SUCCESS,GoModules,True,GitHub Actions,4e064fb28b46198caf196cc1c8e3188ff81ded15,2025-01-03T03:39:38Z
TykTechnologies/tyk,Go,10626,https://github.com/TykTechnologies/tyk,FAILURE,GoModules,True,GitHub Actions,96bf70c4dfc2391473a02bdda6f3c58febc01203,2025-04-04T09:40:59Z
uber-go/zap,Go,24226,https://github.com/uber-go/zap,SUCCESS,GoModules,True,GitHub Actions,32f2ec12872701043515eb7d75dabdd3c269bc64,2025-01-07T19:25:22Z
cadence-workflow/cadence,Go,9173,https://github.com/cadence-workflow/cadence,SUCCESS,GoModules,True,GitHub Actions,0ed1d99cc12d203438177344abc0d58ba79d0efe,2024-12-26T21:40:47Z
uber/kraken,Go,6639,https://github.com/uber/kraken,SUCCESS,GoModules,True,GitHub Actions,e757d984ad8787af5232b0e3ae028168af3d3897,2025-01-02T10:24:31Z
Ullaakut/cameradar,Go,4856,https://github.com/Ullaakut/cameradar,NO_CI,GoModules,True,GitHub Actions,e81eeb0c4d22ef62e4e96ff540e9121df2580cc8,2026-01-27T21:11:17Z
unidoc/unioffice,Go,4804,https://github.com/unidoc/unioffice,NO_CI,GoModules,True,GitHub Actions,73aae6a5d1c7afac6ee2515e976f46dd9fb4c7de,2025-02-02T14:07:38Z
upper/db,Go,3639,https://github.com/upper/db,SUCCESS,GoModules,True,GitHub Actions,4c3b748560446632de76c70aa2b52506cda5da73,2025-03-02T20:35:59Z
urfave/cli,Go,23878,https://github.com/urfave/cli,SUCCESS,GoModules,True,GitHub Actions,89d4dab755069c851714657d9d5ffd3bd09eb6e8,2024-12-03T09:52:38Z
valyala/fasthttp,Go,23254,https://github.com/valyala/fasthttp,SUCCESS,GoModules,True,GitHub Actions,2dfdfd86bf959e1b9f931658834cd04e2b9c0cd3,2025-01-02T23:05:43Z
variadico/noti,Go,4873,https://github.com/variadico/noti,SUCCESS,GoModules,True,GitHub Actions,90b10b1e959a94f941b9c8c8b5da736627559e37,2025-03-06T23:11:34Z
VictoriaMetrics/VictoriaMetrics,Go,16275,https://github.com/VictoriaMetrics/VictoriaMetrics,SUCCESS,GoModules,True,GitHub Actions,fc336bbf203ed5fddf1902aebb62961527e4b928,2024-12-26T11:14:42Z
virtual-kubelet/virtual-kubelet,Go,4480,https://github.com/virtual-kubelet/virtual-kubelet,NO_CI,GoModules,True,GitHub Actions,8ff762fb7b1a3404012a258fccd40c8be4a453a7,2025-01-08T10:59:24Z
vitessio/vitess,Go,20684,https://github.com/vitessio/vitess,SUCCESS,GoModules,True,GitHub Actions,8ba7607230f7de31ff142c4aa16cad8ce80da00b,2025-01-06T07:35:28Z
vmware-tanzu/sonobuoy,Go,3035,https://github.com/vmware-tanzu/sonobuoy,FAILURE,GoModules,True,GitHub Actions,19a97b8377a890f4b3d393ea0f24fc9f7dd1bf13,2025-02-18T20:56:06Z
vmware-tanzu/velero,Go,9798,https://github.com/vmware-tanzu/velero,FAILURE,GoModules,True,GitHub Actions,a56b06bab12cf0b8b8fbe726412f64e8828bfa97,2024-12-26T02:29:15Z
aarondl/authboss,Go,4147,https://github.com/aarondl/authboss,SUCCESS,GoModules,True,GitHub Actions,8d2e2f2d3d549306325049e39cdc7a03e55cf273,2025-06-26T04:52:09Z
aarondl/sqlboiler,Go,6975,https://github.com/aarondl/sqlboiler,SUCCESS,GoModules,True,GitHub Actions,fc6399ea49f41f18c0d69e196b9b91b001614f73,2025-01-03T14:39:27Z
vugu/vugu,Go,4978,https://github.com/vugu/vugu,SUCCESS,GoModules,True,GitHub Actions,cffcbbf0987dd180757504347bebd63a6ee03863,2025-01-09T17:04:34Z
vulcand/oxy,Go,2099,https://github.com/vulcand/oxy,SUCCESS,GoModules,True,GitHub Actions,c07a75ccd426e8c38b8c1221453375c6667a2f5e,2025-03-21T15:34:58Z
wagoodman/dive,Go,53309,https://github.com/wagoodman/dive,SUCCESS,GoModules,True,GitHub Actions,e65b32c4d7c72b12e96783064aa3c224a5dd7aba,2025-03-18T04:15:09Z
eksctl-io/eksctl,Go,5171,https://github.com/eksctl-io/eksctl,SUCCESS,GoModules,True,GitHub Actions,a54415edaec3541678f6416be179b1921687c91d,2025-01-08T20:13:33Z
fluxcd/flagger,Go,5257,https://github.com/fluxcd/flagger,SUCCESS,GoModules,True,GitHub Actions,03d4acc77ff86f7effcbaf7c9c02d045dbac8fa3,2025-01-13T13:56:30Z
willnorris/imageproxy,Go,3942,https://github.com/willnorris/imageproxy,SUCCESS,GoModules,True,GitHub Actions,5b619de74fa1d24281abef0dea4ec65ff60bad4c,2025-04-18T04:44:20Z
Workiva/go-datastructures,Go,7897,https://github.com/Workiva/go-datastructures,SUCCESS,GoModules,True,GitHub Actions,9c00bdee33eb91bfcb7fc37aff2adf20c92ead22,2024-05-16T14:58:11Z
Wox-launcher/Wox,Go,26568,https://github.com/Wox-launcher/Wox,SUCCESS,Unknown,False,GitHub Actions,acd4143ea529d45391d6ea9455083661eb1b6e7d,2024-12-25T14:11:32Z
wtfutil/wtf,Go,16662,https://github.com/wtfutil/wtf,SUCCESS,GoModules,True,GitHub Actions,8bd2ec44fcfe09a3814c8ea677a1c3020a2df637,2025-06-14T20:35:45Z
x-motemen/ghq,Go,3471,https://github.com/x-motemen/ghq,SUCCESS,GoModules,True,GitHub Actions,2d66830943d076259799bc8c76536115ffb67e89,2025-03-20T09:40:58Z
xo/dbtpl,Go,3886,https://github.com/xo/dbtpl,FAILURE,GoModules,True,GitHub Actions,0f056d49be132c630c920ab01ffb46eeb0fc0be5,2022-10-11T22:35:54Z
xyproto/algernon,Go,2980,https://github.com/xyproto/algernon,SUCCESS,GoModules,True,GitHub Actions,bf79f3bf33640093b03faec2e97a1ef982c49722,2024-12-27T23:08:41Z
yeasy/docker_practice,Go,25828,https://github.com/yeasy/docker_practice,FAILURE,Unknown,False,GitHub Actions,4bc29c0300e692fe8eaed4639862a8d8d1e8df41,2024-12-25T08:20:30Z
zalando/skipper,Go,3251,https://github.com/zalando/skipper,FAILURE,GoModules,True,GitHub Actions,f2514bdaf5d4c2ca9d757b6b96f25196dea9a518,2025-01-02T08:55:58Z
zquestz/s,Go,2521,https://github.com/zquestz/s,SUCCESS,GoModules,True,GitHub Actions,c8c3d86e98139bf7aa5cc043dc9268cc436ad5c4,2024-11-13T23:55:40Z
gitleaks/gitleaks,Go,24838,https://github.com/gitleaks/gitleaks,SUCCESS,GoModules,True,GitHub Actions,dbe374645512eac2059b14514e6d2aa799a25766,2024-12-28T16:22:25Z
micro-editor/micro,Go,27900,https://github.com/micro-editor/micro,SUCCESS,GoModules,True,GitHub Actions,aa24590070263f174794f93ac3e861a00af300bc,2024-12-28T22:46:59Z
