repo,language,stars,path,ci_status,build_tool,is_buildable,primary_ci,first_buildable_sha,first_buildable_date
abel533/Mapper,Java,7382,https://github.com/abel533/Mapper,SUCCESS,Maven,True,GitHub Actions,080ee59d0ac6f97b858a44e8decf59ce76a383d5,2025-10-07T05:31:05Z
Activiti/Activiti,Java,10518,https://github.com/Activiti/Activiti,SUCCESS,Maven,True,GitHub Actions,09c89cbaebd6ca21d31d28fc8d47879a658b6c6d,2025-01-02T03:16:59Z
AdoptOpenJDK/jitwatch,Java,3271,https://github.com/AdoptOpenJDK/jitwatch,FAILURE,Maven,True,GitHub Actions,3f3f528c50164ed45011938ea9802fdfa86aeb01,2025-10-30T02:48:37Z
alexvasilkov/GestureViews,Java,2392,https://github.com/alexvasilkov/GestureViews,SUCCESS,Gradle,True,GitHub Actions,b1fc5393f9b0c5e455f19405a31b808417c537f1,2025-12-30T22:22:46Z
alibaba/ARouter,Java,14505,https://github.com/alibaba/ARouter,SUCCESS,Gradle,True,GitHub Actions,e26fbbd9ff9dff4582b54e61d719b35fd52b8ab9,2019-01-24T17:30:24Z
alibaba/arthas,Java,37082,https://github.com/alibaba/arthas,SUCCESS,Maven,True,GitHub Actions,3307687cb47842f5d031a9229b071804c69b4b00,2025-01-20T02:52:36Z
alibaba/canal,Java,29615,https://github.com/alibaba/canal,SUCCESS,Maven,True,GitHub Actions,50a570290a30348ea5005eacb7345ee85032d8cc,2025-05-16T07:12:42Z
alibaba/COLA,Java,12878,https://github.com/alibaba/COLA,SUCCESS,Maven,True,GitHub Actions,09ce2165b5736e71f628e22a325a1e93e6bb3706,2024-11-26T06:26:09Z
dragonwell-project/dragonwell8,Java,4318,https://github.com/dragonwell-project/dragonwell8,NO_CI,Unknown,False,GitHub Actions,a260cbbb382ccd5f2487f0a4075647002449a180,2026-02-05T08:15:43Z
alibaba/druid,Java,28219,https://github.com/alibaba/druid,FAILURE,Maven,True,GitHub Actions,8fdc68b55155e3a92a9b61fe3a2706ece2858340,2024-12-25T11:51:13Z
alibaba/jetcache,Java,5559,https://github.com/alibaba/jetcache,SUCCESS,Maven,True,GitHub Actions,94634e86c37fe0ffac7f4025d507e98c0e2f0fcf,2025-04-27T06:38:35Z
alibaba/nacos,Java,32622,https://github.com/alibaba/nacos,FAILURE,Maven,True,GitHub Actions,f0e64253cb5c31707fb9fe7d68941328df3c65aa,2025-01-02T01:51:58Z
alibaba/QLExpress,Java,5530,https://github.com/alibaba/QLExpress,SUCCESS,Maven,True,GitHub Actions,026958177a024f78a8bcff1a7ef3868afa9e3d7e,2024-12-28T09:59:13Z
alibaba/Sentinel,Java,23062,https://github.com/alibaba/Sentinel,FAILURE,Maven,True,GitHub Actions,5473ad7b3e3ce3248c82590dabee9bb93c3894b6,2025-08-07T07:38:27Z
alibaba/spring-cloud-alibaba,Java,29036,https://github.com/alibaba/spring-cloud-alibaba,SUCCESS,Maven,True,GitHub Actions,ae82b7122aadb8b89fcb7c808be2fe0848e83ad3,2025-05-08T13:16:27Z
alibaba/transmittable-thread-local,Java,8265,https://github.com/alibaba/transmittable-thread-local,FAILURE,Maven,True,GitHub Actions,401304a06ff230b1e886da25234b37335ed45d93,2025-02-20T07:11:13Z
allure-framework/allure2,Java,5278,https://github.com/allure-framework/allure2,SUCCESS,Unknown,False,GitHub Actions,02e2f500f7bc2317af5b314b73b532fb73a69b57,2024-11-04T10:05:02Z
android/testing-samples,Java,9306,https://github.com/android/testing-samples,FAILURE,Unknown,False,GitHub Actions,da5362abdfda60beb3f383d1be22cebe47317a9c,2025-04-17T19:35:45Z
anggrayudi/android-hidden-api,Java,3659,https://github.com/anggrayudi/android-hidden-api,SUCCESS,Gradle,True,GitHub Actions,a70e808a1501c54e06b38212a332939a3404642f,2025-01-17T10:40:05Z
angryip/ipscan,Java,4820,https://github.com/angryip/ipscan,SUCCESS,Gradle,True,GitHub Actions,217e1f42d8b1c085fb4e1e3aaf95fde9c6ac6b03,2025-08-18T20:56:01Z
AntennaPod/AntennaPod,Java,7634,https://github.com/AntennaPod/AntennaPod,SUCCESS,Gradle,True,GitHub Actions,35241b64fd3f501dc75069197fe58f195d1d91a8,2024-12-27T09:55:57Z
antlr/antlr4,Java,18720,https://github.com/antlr/antlr4,SUCCESS,Maven,True,GitHub Actions,9031d846ce0d98a170c9d0a4766b9394d4193bec,2025-02-05T09:41:46Z
Anuken/Mindustry,Java,26514,https://github.com/Anuken/Mindustry,SUCCESS,Gradle,True,GitHub Actions,7e645e0208db21de5a9b0734565313161cae109d,2025-01-02T21:22:45Z
apache/activemq,Java,2414,https://github.com/apache/activemq,PENDING,Maven,True,GitHub Actions,f159ee1cb985d63c37907bfb1b6e0e5ea8c8b8bd,2025-01-13T18:24:46Z
apache/beam,Java,8481,https://github.com/apache/beam,SUCCESS,Unknown,False,GitHub Actions,3210b47d94ea9cd032eb6b75904fb25b3da47dd4,2025-01-02T19:41:39Z
apache/calcite,Java,5069,https://github.com/apache/calcite,SUCCESS,Unknown,False,GitHub Actions,7352a0cba06a46f99af0172bd4cc8611310bd0bc,2024-12-26T02:54:46Z
apache/camel,Java,6119,https://github.com/apache/camel,NO_CI,Maven,True,GitHub Actions,999a3ec46ff7036a1b10be0c06f424c19382f580,2026-02-06T09:18:43Z
apache/cassandra,Java,9616,https://github.com/apache/cassandra,SUCCESS,Unknown,False,GitHub Actions,8aad9d6c05265c08126b43ee7196f96f84df88e3,2025-10-13T10:34:51Z
apache/commons-beanutils,Java,313,https://github.com/apache/commons-beanutils,FAILURE,Maven,True,GitHub Actions,e4eb3568ab6076585cb51b4a6d3f329ae04d2efb,2024-12-27T01:02:31Z
apache/commons-codec,Java,477,https://github.com/apache/commons-codec,SUCCESS,Maven,True,GitHub Actions,485f524e7b423a452bb2b86d1dcaab46160e2ba9,2024-12-26T14:25:35Z
apache/commons-collections,Java,719,https://github.com/apache/commons-collections,SUCCESS,Maven,True,GitHub Actions,3851d44bef974f5643aa11b53cedf8cf5b759719,2025-01-10T02:07:59Z
apache/commons-dbcp,Java,362,https://github.com/apache/commons-dbcp,SUCCESS,Maven,True,GitHub Actions,9250cb21fdf962f38c863045ae4cd6da55596cc2,2025-01-10T02:21:22Z
apache/commons-io,Java,1063,https://github.com/apache/commons-io,SUCCESS,Maven,True,GitHub Actions,ac4507ed905d9c544ec580cee8612f406825ff2b,2024-12-27T00:15:30Z
apache/commons-lang,Java,2933,https://github.com/apache/commons-lang,SUCCESS,Maven,True,GitHub Actions,713138605451260f6f8d53bad0b4400bc77f8d58,2024-12-26T14:34:20Z
apache/commons-logging,Java,165,https://github.com/apache/commons-logging,SUCCESS,Maven,True,GitHub Actions,8cd10fae04eefc72496031e4eda3a8fbfb7cc565,2024-11-22T15:40:33Z
apache/curator,Java,3169,https://github.com/apache/curator,SUCCESS,Maven,True,GitHub Actions,6932a1879aebd0016be251675fb84572d6017220,2024-12-30T15:07:25Z
apache/druid,Java,13934,https://github.com/apache/druid,SUCCESS,Maven,True,GitHub Actions,09840ad6626649d33ae525335be221b3b9ee4ad7,2025-01-06T05:22:26Z
apache/dubbo,Java,41724,https://github.com/apache/dubbo,SUCCESS,Maven,True,GitHub Actions,3438707d452468e04ebadfccb7314cfedd389c32,2024-10-29T08:01:16Z
apache/flink,Java,25773,https://github.com/apache/flink,FAILURE,Maven,True,GitHub Actions,f74e937d37cace6bd8e23cf8582a618581a045ec,2024-12-26T03:35:17Z
apache/geode,Java,2354,https://github.com/apache/geode,SUCCESS,Gradle,True,GitHub Actions,c4878a45ead5e8da385f23273fc98068d26c2340,2025-08-27T20:38:58Z
apache/groovy,Java,5421,https://github.com/apache/groovy,SUCCESS,Gradle,True,GitHub Actions,97c9a9a0ac4ffd759f863c9baa9caa1bb9e405a0,2024-12-27T04:05:56Z
apache/hadoop,Java,15475,https://github.com/apache/hadoop,SUCCESS,Maven,True,GitHub Actions,ecc4e00145f1699d39b0856920a131cb47a8d0a4,2024-12-25T08:48:05Z
apache/hbase,Java,5584,https://github.com/apache/hbase,NO_CI,Maven,True,GitHub Actions,ed04e2e1fe5c61d744fc08585a2e2cfa6becc6d1,2026-02-17T13:23:37Z
apache/hive,Java,6005,https://github.com/apache/hive,SUCCESS,Maven,True,GitHub Actions,ea27ed751bb9050e40d37780cb26f0498e52f934,2025-07-15T11:18:20Z
apache/httpcomponents-client,Java,1525,https://github.com/apache/httpcomponents-client,SUCCESS,Maven,True,GitHub Actions,9e3559ef931576256f73d8f36ee8cf9a8dd71ca3,2025-01-06T09:15:31Z
apache/ignite,Java,5042,https://github.com/apache/ignite,FAILURE,Maven,True,GitHub Actions,128d3f39f7cc3048965a81674833725cf4b3fb51,2026-02-13T14:10:17Z
apache/dolphinscheduler,Java,14150,https://github.com/apache/dolphinscheduler,FAILURE,Maven,True,GitHub Actions,9d1414435e60fba35c8f4ac84eb4285a7e8e1194,2025-02-04T09:53:34Z
apache/doris,Java,14996,https://github.com/apache/doris,SUCCESS,Unknown,False,GitHub Actions,5f2559eec49eb936a69903d41ea4201f3ea956ab,2025-07-26T07:45:13Z
apache/gobblin,Java,2260,https://github.com/apache/gobblin,FAILURE,Gradle,True,GitHub Actions,3269764a1141acbeeb9f5f8f867ccfeb803b22d5,2025-01-02T05:39:23Z
apache/pinot,Java,6023,https://github.com/apache/pinot,SUCCESS,Maven,True,GitHub Actions,6e4fd1285ad5c3d0f394c56dd5ed9665e4c62e72,2024-12-26T02:08:29Z
apache/shardingsphere,Java,20673,https://github.com/apache/shardingsphere,NO_CI,Maven,True,GitHub Actions,8fc7c0e08cdf39c4da2575d6951e20e08c865a2f,2025-03-03T07:52:07Z
apache/jmeter,Java,9220,https://github.com/apache/jmeter,FAILURE,Unknown,False,GitHub Actions,d7f7bcc164bebd2db1b5ae725f51cafe97a3062e,2025-01-28T07:36:29Z
apache/kafka,Java,31864,https://github.com/apache/kafka,SUCCESS,Gradle,True,GitHub Actions,88adb94c818299ef24b30aa61aeebdc80efbcbb3,2024-12-25T06:46:14Z
apache/logging-log4j2,Java,3579,https://github.com/apache/logging-log4j2,SUCCESS,Maven,True,GitHub Actions,eb4f7923a04a4aa99a07f9e8f0e9e9e5930c53e0,2024-12-28T19:53:33Z
apache/maven-surefire,Java,457,https://github.com/apache/maven-surefire,FAILURE,Maven,True,GitHub Actions,0e4d3b48f51b129c419965a2bbc55cda4a5bf1c1,2024-12-25T20:17:22Z
apache/maven,Java,4949,https://github.com/apache/maven,FAILURE,Maven,True,GitHub Actions,677e3b01bbaf2135698c0c251bd6fd4a6f6465b1,2024-12-28T13:27:01Z
apache/nifi,Java,5953,https://github.com/apache/nifi,FAILURE,Maven,True,GitHub Actions,b6bc6bfd9a77b24e51e39f7852b61580dd14ddfc,2024-12-25T09:13:53Z
apache/nutch,Java,3123,https://github.com/apache/nutch,SUCCESS,Unknown,False,GitHub Actions,5068b7606c3331f451316de4c2c283de974c1390,2025-01-08T12:05:55Z
apache/poi,Java,2191,https://github.com/apache/poi,SUCCESS,Gradle,True,GitHub Actions,1d5497f2c3fe774fd43b96049a8b0e96d1dce84f,2024-12-25T08:13:18Z
apache/pulsar,Java,15084,https://github.com/apache/pulsar,SUCCESS,Maven,True,GitHub Actions,9699dc25deb5eb701de88dc209e6c42efe58556c,2024-12-25T06:14:01Z
apache/rocketmq,Java,22333,https://github.com/apache/rocketmq,FAILURE,Maven,True,GitHub Actions,4b5f8665f903ddfb542a6dd4dcc4dd5d6a724d7f,2025-10-09T05:58:56Z
apache/servicecomb-java-chassis,Java,1938,https://github.com/apache/servicecomb-java-chassis,SUCCESS,Maven,True,GitHub Actions,4bb4f3c18a2151878a31c40e2bd230a0a3f5de9b,2024-12-31T09:57:23Z
apache/shiro,Java,4439,https://github.com/apache/shiro,SUCCESS,Maven,True,GitHub Actions,76a9171d5e3a4c118c01a5634e42d366b66c1609,2024-12-30T17:48:59Z
apache/skywalking,Java,24700,https://github.com/apache/skywalking,SUCCESS,Maven,True,GitHub Actions,b178c9d89084e05a94f98cf26fc9a82fbaf64950,2024-12-25T12:18:48Z
apache/storm,Java,6671,https://github.com/apache/storm,SUCCESS,Maven,True,GitHub Actions,1ccd04dedef90324adc3d8009b0cd6da742f7444,2025-01-02T01:02:53Z
apache/tomcat,Java,8094,https://github.com/apache/tomcat,PENDING,Unknown,False,GitHub Actions,17735c794d7d2bf60c68a02c811f62787e83bf20,2025-01-01T09:52:16Z
apache/zeppelin,Java,6609,https://github.com/apache/zeppelin,FAILURE,Maven,True,GitHub Actions,33f35dcf3c0b0b1caf9572210ab7eeb163f4628b,2025-10-19T11:47:46Z
apache/zookeeper,Java,12720,https://github.com/apache/zookeeper,SUCCESS,Maven,True,GitHub Actions,a8eb7faa34e90c748f5f49f211a6dbad78c16f0b,2025-01-03T22:16:55Z
apereo/cas,Java,11287,https://github.com/apereo/cas,FAILURE,Gradle,True,GitHub Actions,419d80ac1f97e4c012c4fb8e04625690dc745233,2026-01-15T22:27:22Z
AsyncHttpClient/async-http-client,Java,6404,https://github.com/AsyncHttpClient/async-http-client,SUCCESS,Maven,True,GitHub Actions,a3fd14e4069b2252ceb4c95e0ee7416740bc9597,2024-12-27T13:41:09Z
Athou/commafeed,Java,3421,https://github.com/Athou/commafeed,SUCCESS,Maven,True,GitHub Actions,b9b1b532355fea6a9660fe23c7bf22976e28ad9f,2024-12-26T05:23:50Z
Atmosphere/atmosphere,Java,3729,https://github.com/Atmosphere/atmosphere,FAILURE,Maven,True,GitHub Actions,90130bbbf68cc0f36c950946a1945c666c23e8e4,2026-02-18T19:32:39Z
auth0/java-jwt,Java,6196,https://github.com/auth0/java-jwt,SUCCESS,Gradle,True,GitHub Actions,796549288001644a7ccf6e92bf89177d67d2ddd2,2024-11-25T13:15:17Z
awaitility/awaitility,Java,3987,https://github.com/awaitility/awaitility,NO_CI,Maven,True,GitHub Actions,6a35c247c324a48febb62cdcc44dd33b307d88bb,2025-02-14T14:06:51Z
aws/aws-sdk-java,Java,4198,https://github.com/aws/aws-sdk-java,SUCCESS,Maven,True,GitHub Actions,198bf78121d947d13d873b76635f197bec252403,2025-06-12T21:13:06Z
awsdocs/aws-doc-sdk-examples,Java,10359,https://github.com/awsdocs/aws-doc-sdk-examples,SUCCESS,Unknown,False,GitHub Actions,142ff43a38ad4d4dba9f4e5b38b890a77fe27cb5,2024-12-26T16:02:12Z
AxonFramework/AxonFramework,Java,3547,https://github.com/AxonFramework/AxonFramework,NO_CI,Maven,True,GitHub Actions,4c00bc9b07ceec26d29dbacb614cf6f04703c3c2,2025-10-13T20:27:04Z
baomidou/mybatis-plus,Java,17298,https://github.com/baomidou/mybatis-plus,FAILURE,Gradle,True,GitHub Actions,4587dbb9002a7f237b53850faa789551b3078f1c,2024-12-26T07:52:01Z
bastillion-io/Bastillion,Java,3444,https://github.com/bastillion-io/Bastillion,SUCCESS,Maven,True,GitHub Actions,099e188c0edadd972a80a21c448ab295a6867edf,2025-07-24T10:58:15Z
bazelbuild/bazel,Java,25104,https://github.com/bazelbuild/bazel,SUCCESS,Unknown,False,GitHub Actions,923d97a53d8bf903b2e1ac0c9e954e6a56b18e1f,2025-02-28T10:58:29Z
ben-manes/caffeine,Java,17462,https://github.com/ben-manes/caffeine,SUCCESS,Unknown,False,GitHub Actions,ddd12106c6e5f4a780655d6433058d5dee4f00c9,2024-12-24T02:36:14Z
bisq-network/bisq,Java,5045,https://github.com/bisq-network/bisq,SUCCESS,Gradle,True,GitHub Actions,eb836d412200dcabff31befa5df71fcbb594b19b,2024-12-17T17:19:46Z
bitcoinj/bitcoinj,Java,5209,https://github.com/bitcoinj/bitcoinj,SUCCESS,Gradle,True,GitHub Actions,09defa626648687f8bd6ea7d197818249eebd3c8,2025-01-03T10:32:21Z
brettwooldridge/HikariCP,Java,21002,https://github.com/brettwooldridge/HikariCP,FAILURE,Maven,True,GitHub Actions,a28b6ec81d9a22229553cce84b147c7bdd0c6490,2024-12-13T17:17:35Z
btraceio/btrace,Java,5986,https://github.com/btraceio/btrace,FAILURE,Gradle,True,GitHub Actions,395d4e0596d959c1ca63b4449cf4a917ffc9c6dd,2025-01-21T08:45:12Z
bumptech/glide,Java,35024,https://github.com/bumptech/glide,SUCCESS,Gradle,True,GitHub Actions,b7ea90c98d3aee3ec049ca4689edc94ec86b9bc9,2025-08-27T06:21:37Z
bytedeco/javacpp,Java,4687,https://github.com/bytedeco/javacpp,SUCCESS,Maven,True,GitHub Actions,a031a063e3c85f072d0145770c1e69f67fef7fff,2025-04-09T08:59:42Z
bytedeco/javacv,Java,8287,https://github.com/bytedeco/javacv,SUCCESS,Maven,True,GitHub Actions,ec8eb4c61f4bd5f2e1a0cd88bba1faa24e8c11ae,2025-01-28T00:29:23Z
CarGuo/GSYVideoPlayer,Java,21381,https://github.com/CarGuo/GSYVideoPlayer,SUCCESS,Gradle,True,GitHub Actions,466bcedc341afc6ea863a18413a2b0d5ba59ea85,2025-01-02T06:55:48Z
checkstyle/checkstyle,Java,8852,https://github.com/checkstyle/checkstyle,SUCCESS,Maven,True,GitHub Actions,6f59c099dca4506a4209dee4dd998ffe0bd5a35f,2024-12-25T18:12:32Z
chewiebug/GCViewer,Java,4627,https://github.com/chewiebug/GCViewer,NO_CI,Maven,True,GitHub Actions,7118905fd0baf671db2821a9d6bf208f63df57e6,2025-02-02T15:32:49Z
citerus/dddsample-core,Java,5255,https://github.com/citerus/dddsample-core,SUCCESS,Maven,True,GitHub Actions,7e60455a461d6ac1a9d4d8948355b1474ea36e0d,2025-01-16T04:53:48Z
cjlin1/libsvm,Java,4694,https://github.com/cjlin1/libsvm,SUCCESS,Unknown,False,GitHub Actions,65367d015d9e368cc79f5c56924455c3a4fb5e48,2025-05-11T15:37:07Z
classgraph/classgraph,Java,2955,https://github.com/classgraph/classgraph,FAILURE,Maven,True,GitHub Actions,16511fbd09e98688ea7f2216abad2b7568eb8527,2025-01-24T11:02:01Z
clojure/clojure,Java,10817,https://github.com/clojure/clojure,SUCCESS,Maven,True,GitHub Actions,fb22fd778a272b034684a4ee94509552b46ee8a9,2024-12-10T19:57:29Z
codecentric/spring-boot-admin,Java,12801,https://github.com/codecentric/spring-boot-admin,SUCCESS,Maven,True,GitHub Actions,adbf66807f4e721be33b1506baf9b52c6d266184,2024-12-25T16:38:30Z
corretto/corretto-8,Java,2131,https://github.com/corretto/corretto-8,SUCCESS,Gradle,True,GitHub Actions,36e7ddd348cecb6336644fe9d88340561f98e926,2025-08-12T07:04:08Z
crate/crate,Java,4364,https://github.com/crate/crate,FAILURE,Maven,True,GitHub Actions,cdf0a9eebf407b1128023c51c5bd4ba267763e6f,2025-01-07T12:22:07Z
crossoverJie/cim,Java,9491,https://github.com/crossoverJie/cim,FAILURE,Maven,True,GitHub Actions,b3dc957fb85f6513c38b6d78c4d3925304122be3,2025-05-08T07:55:43Z
cryptomator/cryptomator,Java,14575,https://github.com/cryptomator/cryptomator,SUCCESS,Maven,True,GitHub Actions,5114e2ad22014abc2e8e00bf0f74af03ba4985d6,2024-12-09T13:09:03Z
apolloconfig/apollo,Java,29778,https://github.com/apolloconfig/apollo,SUCCESS,Maven,True,GitHub Actions,0c7c3415ce95003ba1e6fa7166f78304d8eb4852,2024-12-14T06:40:01Z
cucumber/cucumber-jvm,Java,2789,https://github.com/cucumber/cucumber-jvm,SUCCESS,Maven,True,GitHub Actions,5fba41eb6e92c3b9c7cfa5361f2c715bdbc0b127,2024-12-28T17:15:09Z
dbeaver/dbeaver,Java,48617,https://github.com/dbeaver/dbeaver,SUCCESS,Maven,True,GitHub Actions,8244e780c0c1ee792ca3558f346f0a6524015b55,2025-03-06T13:04:59Z
debezium/debezium,Java,12386,https://github.com/debezium/debezium,FAILURE,Maven,True,GitHub Actions,78395138242927521c5fa98dc7fe910c24386d27,2026-02-23T11:58:44Z
dianping/cat,Java,18983,https://github.com/dianping/cat,SUCCESS,Maven,True,GitHub Actions,e815e74d4c2dd74edac831241f1253fcc7d25381,2025-01-04T10:23:47Z
dlew/joda-time-android,Java,2633,https://github.com/dlew/joda-time-android,SUCCESS,Gradle,True,GitHub Actions,5457c149e91b98b0cf0fb41d6432901ee67210ca,2025-02-01T00:35:20Z
dmytrodanylyk/circular-progress-button,Java,5762,https://github.com/dmytrodanylyk/circular-progress-button,SUCCESS,Gradle,True,GitHub Actions,eca57f4bfee9c8c5573a56eb4d33bb699fe74136,2025-01-10T02:39:58Z
docker-java/docker-java,Java,3170,https://github.com/docker-java/docker-java,SUCCESS,Maven,True,GitHub Actions,2d129c317e47a9f3a92d0739a8be775f1452ea02,2025-03-06T17:01:07Z
doocs/advanced-java,Java,78827,https://github.com/doocs/advanced-java,SUCCESS,Unknown,False,GitHub Actions,37bc878016bb7da1d6d747adf64e191a03999cfe,2025-02-10T12:13:57Z
dreamhead/moco,Java,4433,https://github.com/dreamhead/moco,SUCCESS,Gradle,True,GitHub Actions,8b753c316422cbee972780e8679e41f58954a7af,2026-01-25T07:40:52Z
apache/shenyu,Java,8767,https://github.com/apache/shenyu,FAILURE,Maven,True,GitHub Actions,d11a2505ee1877f4d8a3456227dd3d64feaab438,2024-12-25T10:47:19Z
dropwizard/dropwizard,Java,8594,https://github.com/dropwizard/dropwizard,SUCCESS,Maven,True,GitHub Actions,041823d96f9126d22b4d95a18d9a831a4e8be961,2025-01-06T01:03:00Z
dropwizard/metrics,Java,7855,https://github.com/dropwizard/metrics,PENDING,Maven,True,GitHub Actions,4e658f521f3be053c8e9393a7b951470529ee4fb,2024-12-23T03:39:21Z
jakartaee/validation,Java,156,https://github.com/jakartaee/validation,SUCCESS,Maven,True,GitHub Actions,4e9a467bbaf3db886d73d79062f8dfc391946832,2025-07-11T17:08:03Z
jakartaee/mail-api,Java,279,https://github.com/jakartaee/mail-api,SUCCESS,Unknown,False,GitHub Actions,0d13f04450f9590afa37761e04591526f47312e5,2025-08-26T05:09:30Z
eclipse-vertx/vert.x,Java,14644,https://github.com/eclipse-vertx/vert.x,SUCCESS,Maven,True,GitHub Actions,3eb4248c88f501facd555f2cf3e7bc59a737b5b9,2025-01-03T14:11:11Z
deeplearning4j/deeplearning4j-examples,Java,2514,https://github.com/deeplearning4j/deeplearning4j-examples,NO_CI,Unknown,False,GitHub Actions,c29d1c07d60b3473194a05b07e111c20df42e250,2025-11-17T15:46:42Z
jetty/jetty.project,Java,4056,https://github.com/jetty/jetty.project,PENDING,Maven,True,GitHub Actions,3afd55e49ba0d3f1f732ff0d5a70aedab66f1828,2025-01-06T06:45:24Z
eclipse-openj9/openj9,Java,3503,https://github.com/eclipse-openj9/openj9,NO_CI,Unknown,False,GitHub Actions,9d135027091d7d8d6d318ba917e7072b47d241b1,2024-11-26T22:57:44Z
eclipse-aspectj/aspectj,Java,380,https://github.com/eclipse-aspectj/aspectj,SUCCESS,Maven,True,GitHub Actions,8044fa120adc1f7370b09c1dbf906eff62e1da62,2025-01-21T01:18:18Z
eirslett/frontend-maven-plugin,Java,4349,https://github.com/eirslett/frontend-maven-plugin,SUCCESS,Maven,True,GitHub Actions,b7b060fa13ca47e69172ee6d06194ffd41c35084,2025-01-17T12:54:44Z
elastic/elasticsearch-hadoop,Java,2049,https://github.com/elastic/elasticsearch-hadoop,SUCCESS,Gradle,True,GitHub Actions,ac7b8dcfd158c28eb44a7a372ef60519bfb8b38e,2025-01-13T10:20:34Z
elastic/elasticsearch,Java,76039,https://github.com/elastic/elasticsearch,SUCCESS,Gradle,True,GitHub Actions,a5171c7c584ac07a27b545a5055f7e346b790c8d,2025-10-30T16:23:59Z
elastic/logstash,Java,14783,https://github.com/elastic/logstash,SUCCESS,Gradle,True,GitHub Actions,cc608eb88b81bd8dad4d3775d47a5f9017bd8b21,2025-01-02T22:52:39Z
apache/shardingsphere-elasticjob,Java,8218,https://github.com/apache/shardingsphere-elasticjob,NO_CI,Maven,True,GitHub Actions,c041c3e15f2088e239b3fb666cb0df5cb2df0011,2025-09-09T14:35:18Z
facebook/fresco,Java,17151,https://github.com/facebook/fresco,SUCCESS,Gradle,True,GitHub Actions,b6b6ff6fca248e4e120044ca69e35653d3a4053a,2024-12-26T21:58:33Z
FasterXML/jackson-annotations,Java,1059,https://github.com/FasterXML/jackson-annotations,SUCCESS,Maven,True,GitHub Actions,02b18912407b5ac54db8347838c78f8e63988cc0,2025-01-25T05:33:42Z
FasterXML/jackson-core,Java,2349,https://github.com/FasterXML/jackson-core,FAILURE,Maven,True,GitHub Actions,9af646d9c6972b12594e45fddebbcb8b9eaef5f3,2024-12-28T05:54:52Z
FasterXML/jackson-databind,Java,3680,https://github.com/FasterXML/jackson-databind,SUCCESS,Maven,True,GitHub Actions,548028b635f9036497c1236d71dc7d4dce4969a3,2024-12-28T06:18:31Z
fishercoder1534/Leetcode,Java,3972,https://github.com/fishercoder1534/Leetcode,SUCCESS,Gradle,True,GitHub Actions,0b3d11cb3bc1dd0a76bd18162c149169ee8f485d,2024-12-26T22:56:08Z
flowable/flowable-engine,Java,9077,https://github.com/flowable/flowable-engine,FAILURE,Maven,True,GitHub Actions,bb50957ef795e979a9fb31f18de39a5788fa5a9b,2025-02-07T16:33:17Z
flyway/flyway,Java,9522,https://github.com/flyway/flyway,SUCCESS,Maven,True,GitHub Actions,ba8b11c0272c744786e52049b0391710253ea7d2,2025-01-07T13:53:59Z
frohoff/ysoserial,Java,8738,https://github.com/frohoff/ysoserial,SUCCESS,Maven,True,GitHub Actions,218bcffcaaa904a4e392f0c15d9e2874533635a3,2025-12-04T04:07:31Z
geoserver/geoserver,Java,4270,https://github.com/geoserver/geoserver,NO_CI,Unknown,False,GitHub Actions,c92ed92e1ee94d5feb1d800ad1448d682a706daf,2025-11-05T16:39:17Z
gephi/gephi,Java,6357,https://github.com/gephi/gephi,SUCCESS,Maven,True,GitHub Actions,10e89101806b7a089bc1f51efad36d7ec9ababb1,2025-08-16T10:04:44Z
getActivity/AndroidProject,Java,6836,https://github.com/getActivity/AndroidProject,SUCCESS,Gradle,True,GitHub Actions,6424cf90e7932e38c83efec087997c5ad8a3b647,2025-12-23T15:43:43Z
gitblit-org/gitblit,Java,2347,https://github.com/gitblit-org/gitblit,SUCCESS,Unknown,False,GitHub Actions,ad6c6b2816da45f34ba1d54d2e55f2af86adfe92,2025-06-13T23:35:25Z
google/auto,Java,10552,https://github.com/google/auto,FAILURE,Unknown,False,GitHub Actions,bc5e19b8d1e86b0b01a4e420dfabe79e1217a3f9,2025-01-29T14:29:25Z
google/dagger,Java,17692,https://github.com/google/dagger,PENDING,Unknown,False,GitHub Actions,3ae4745e5993a56aeef5600f82252aba8baea468,2025-08-15T23:55:20Z
dtinit/data-transfer-project,Java,3604,https://github.com/dtinit/data-transfer-project,SUCCESS,Gradle,True,GitHub Actions,56e6d3b2e49ef972f558c9eec49cd864775caea4,2025-01-06T10:53:05Z
google/error-prone,Java,7135,https://github.com/google/error-prone,FAILURE,Maven,True,GitHub Actions,25ff26b49ac2a5a08aece4584c4371c7273ec309,2025-02-24T16:00:18Z
google/google-java-format,Java,6067,https://github.com/google/google-java-format,SUCCESS,Maven,True,GitHub Actions,eb0b7682f15ec6a2bd03d12b53bdf951dd924266,2024-12-20T01:39:03Z
google/gson,Java,24338,https://github.com/google/gson,SUCCESS,Maven,True,GitHub Actions,e5dce841f73382cb7acdfe32250767ddb2c86b49,2025-01-02T15:29:09Z
google/guava,Java,51463,https://github.com/google/guava,SUCCESS,Maven,True,GitHub Actions,800b3d42bd124519eac2604b1c4800d523d6065a,2024-12-22T04:26:23Z
google/guice,Java,12728,https://github.com/google/guice,FAILURE,Maven,True,GitHub Actions,38005e00693c35bc21fdc8c4340723d3d45004f7,2025-01-09T21:43:49Z
google/j2objc,Java,6038,https://github.com/google/j2objc,SUCCESS,Unknown,False,GitHub Actions,871cde67de3e9d84cb60279cfb60034f7efd2898,2025-01-03T19:16:24Z
google/jimfs,Java,2528,https://github.com/google/jimfs,SUCCESS,Maven,True,GitHub Actions,b2fdd927f3d18394c06e75841b3f0b8cddfcbac8,2025-02-03T16:02:22Z
google/open-location-code,Java,4298,https://github.com/google/open-location-code,SUCCESS,Unknown,False,GitHub Actions,4d83aed0d78ce7904bb7de9241eaac5599d1a893,2024-12-23T14:53:57Z
google/truth,Java,2780,https://github.com/google/truth,SUCCESS,Maven,True,GitHub Actions,54b8c476d82798103d3473ba5249d5688d692d26,2024-12-27T20:13:47Z
google/volley,Java,3421,https://github.com/google/volley,SUCCESS,Gradle,True,GitHub Actions,ef8ac3f434e18b1f7137f58c43a62cc701652ed5,2025-02-25T16:36:30Z
GoogleContainerTools/jib,Java,14313,https://github.com/GoogleContainerTools/jib,FAILURE,Gradle,True,GitHub Actions,390c175c95a4396ecb7c63e6bab8dec04050b63f,2025-03-10T20:16:15Z
googlemaps/android-maps-utils,Java,3595,https://github.com/googlemaps/android-maps-utils,SUCCESS,Unknown,False,GitHub Actions,c1edbafb8c0f023ec29f58d97838a1f988b29c11,2025-01-16T20:09:17Z
googlemaps-samples/android-samples,Java,2485,https://github.com/googlemaps-samples/android-samples,SUCCESS,Unknown,False,GitHub Actions,6b6212792632ded38f728a2d6b126ce973ace60d,2025-01-14T17:29:10Z
graphhopper/graphhopper,Java,6262,https://github.com/graphhopper/graphhopper,SUCCESS,Maven,True,GitHub Actions,a9e7ced4940e865d7b211cc78645bd3c49b1b288,2025-01-03T17:56:00Z
graphql-java/graphql-java,Java,6234,https://github.com/graphql-java/graphql-java,SUCCESS,Gradle,True,GitHub Actions,d4b3b07df4d1edecfdcaaec4fb5adc54728f9574,2024-12-26T02:32:53Z
Graylog2/graylog2-server,Java,7957,https://github.com/Graylog2/graylog2-server,SUCCESS,Maven,True,GitHub Actions,f1c71e66b2f824230c7de5b6f5d0768e52661a25,2024-12-27T10:52:18Z
grpc/grpc-java,Java,11972,https://github.com/grpc/grpc-java,SUCCESS,Gradle,True,GitHub Actions,8c261c3f28c7d83e1e976acfc34b62027078252b,2024-12-26T21:31:34Z
gzu-liyujiang/AndroidPicker,Java,6758,https://github.com/gzu-liyujiang/AndroidPicker,SUCCESS,Gradle,True,GitHub Actions,434c2b1a5506a7b002657dcac8df27f077a98201,2025-07-14T11:39:43Z
h2database/h2database,Java,4617,https://github.com/h2database/h2database,SUCCESS,Unknown,False,GitHub Actions,879ef5afaf9047fd01b1c5357ab1a9bd3397379c,2024-12-29T04:03:00Z
halo-dev/halo,Java,37938,https://github.com/halo-dev/halo,SUCCESS,Unknown,False,GitHub Actions,ed50a0224d726b420df70a198111f75e8b0d97a3,2025-04-22T13:11:07Z
hibernate/hibernate-orm,Java,6441,https://github.com/hibernate/hibernate-orm,PENDING,Gradle,True,GitHub Actions,5a9381a060e4b9ced400396a42197db764879d80,2025-06-18T13:04:14Z
hibernate/hibernate-validator,Java,1261,https://github.com/hibernate/hibernate-validator,PENDING,Maven,True,GitHub Actions,f955216c373fbee38db8ed8a7481189abab2bb86,2024-12-18T14:19:40Z
hierynomus/sshj,Java,2634,https://github.com/hierynomus/sshj,SUCCESS,Gradle,True,GitHub Actions,bfa82b4e44494ac92f5a6c4b345691378c1e14d7,2025-01-13T22:54:54Z
hs-web/hsweb-framework,Java,8406,https://github.com/hs-web/hsweb-framework,SUCCESS,Maven,True,GitHub Actions,2b492482065d108b3c7348061a66cfc7115e53da,2025-07-11T02:57:11Z
http-kit/http-kit,Java,2627,https://github.com/http-kit/http-kit,SUCCESS,Unknown,False,GitHub Actions,de33aedd4afda7b66d86cd1726e3ce0bed2306db,2025-01-11T11:10:48Z
iBotPeaches/Apktool,Java,23851,https://github.com/iBotPeaches/Apktool,SUCCESS,Unknown,False,GitHub Actions,f6d568ba353a9458cf67379a3433e84cdae90155,2024-12-29T12:23:08Z
igniterealtime/Openfire,Java,2995,https://github.com/igniterealtime/Openfire,FAILURE,Maven,True,GitHub Actions,6428f385b288345f4fcbdaa1e7f06a4952508284,2025-01-02T14:41:30Z
igniterealtime/Smack,Java,2417,https://github.com/igniterealtime/Smack,SUCCESS,Gradle,True,GitHub Actions,cdb64af5ed5c9186cf79e8e3dcf9115fab82ac8f,2025-04-03T08:41:46Z
ikarus23/MifareClassicTool,Java,5659,https://github.com/ikarus23/MifareClassicTool,SUCCESS,Unknown,False,GitHub Actions,28214f5a9a8c6d423c421d955f2db1efae24bf11,2025-08-19T21:06:58Z
immutables/immutables,Java,3545,https://github.com/immutables/immutables,SUCCESS,Maven,True,GitHub Actions,091dcf13e94a2c9416c54026ae02adac19df6ab3,2024-10-20T16:57:09Z
karatelabs/karate,Java,8779,https://github.com/karatelabs/karate,SUCCESS,Maven,True,GitHub Actions,0da7b5657414afc091c05746750b5ad360f0f540,2024-12-24T23:15:13Z
JabRef/jabref,Java,4213,https://github.com/JabRef/jabref,SUCCESS,Unknown,False,GitHub Actions,81fb3861688ba7f8aa9418298b20f47cd94d20f6,2025-08-11T21:10:33Z
jacoco/jacoco,Java,4484,https://github.com/jacoco/jacoco,SUCCESS,Maven,True,GitHub Actions,4e159f7b351f8038bd72a0813445a427d62586b3,2025-01-01T21:00:00Z
JakeWharton/RxRelay,Java,2464,https://github.com/JakeWharton/RxRelay,SUCCESS,Gradle,True,GitHub Actions,022a7fc348be5ea4cd35cbb5dc4446a2997cfb72,2025-10-27T17:11:44Z
JanusGraph/janusgraph,Java,5713,https://github.com/JanusGraph/janusgraph,SUCCESS,Maven,True,GitHub Actions,80ef1d91f7ddc0da5b9f965016b51fee2392b8b5,2024-11-18T12:07:30Z
java-native-access/jna,Java,8890,https://github.com/java-native-access/jna,FAILURE,Unknown,False,GitHub Actions,3eee7259f16f55a948f22c9fea0b92153129ca1c,2024-12-27T18:13:48Z
javaparser/javaparser,Java,6046,https://github.com/javaparser/javaparser,SUCCESS,Maven,True,GitHub Actions,7c578270a972938f06aeec8659823f2faeca61be,2024-12-28T15:39:48Z
JCTools/JCTools,Java,3800,https://github.com/JCTools/JCTools,SUCCESS,Maven,True,GitHub Actions,a17b56f09cc9ec7d773707578c89f3ca9c11f968,2024-05-30T13:23:59Z
jenkinsci/blueocean-plugin,Java,2890,https://github.com/jenkinsci/blueocean-plugin,FAILURE,Maven,True,GitHub Actions,2237b68680e0a0bf45c2b228f7095838fcd617c1,2025-02-14T00:14:06Z
jenkinsci/configuration-as-code-plugin,Java,2782,https://github.com/jenkinsci/configuration-as-code-plugin,PENDING,Maven,True,GitHub Actions,6480b9419d2d537021d43c4aebdc4a72897e57c4,2024-12-30T01:32:41Z
jenkinsci/jenkins,Java,25000,https://github.com/jenkinsci/jenkins,SUCCESS,Maven,True,GitHub Actions,efae3ca4559e6dc526a37d99e5a9f51050259d5c,2024-12-27T04:38:16Z
JetBrains/intellij-community,Java,19684,https://github.com/JetBrains/intellij-community,NO_CI,Unknown,False,GitHub Actions,f8bf7450d91dc4c04be5fdbb81edb2a0e8e69e46,2026-02-25T20:39:34Z
jgrapht/jgrapht,Java,2757,https://github.com/jgrapht/jgrapht,NO_CI,Maven,True,GitHub Actions,2ec218c67a86aeb3e022c6d569a24da2986c72e4,2025-09-30T06:23:37Z
failsafe-lib/failsafe,Java,4302,https://github.com/failsafe-lib/failsafe,SUCCESS,Maven,True,GitHub Actions,ed3f92739669769274cf5c9567fd422929c20ad2,2025-12-28T01:41:27Z
jhy/jsoup,Java,11331,https://github.com/jhy/jsoup,SUCCESS,Maven,True,GitHub Actions,9381d7f2a899ef6db9b96d4df701301e8a65d864,2025-01-01T01:07:36Z
jindrapetrik/jpexs-decompiler,Java,5377,https://github.com/jindrapetrik/jpexs-decompiler,SUCCESS,Unknown,False,GitHub Actions,53cd8ffd6d3fd2f9e34655b9f4443b10980a7a27,2025-01-17T20:48:34Z
jMonkeyEngine/jmonkeyengine,Java,4143,https://github.com/jMonkeyEngine/jmonkeyengine,SUCCESS,Gradle,True,GitHub Actions,14fc8bb9f07465dfe5cda7277b998bf2c6322188,2024-12-29T02:26:33Z
JodaOrg/joda-time,Java,4982,https://github.com/JodaOrg/joda-time,SUCCESS,Maven,True,GitHub Actions,2ce9b4cdc207130a186dafbb8456cd0b0cfd9e4c,2024-09-17T06:39:46Z
assertj/assertj,Java,2804,https://github.com/assertj/assertj,FAILURE,Maven,True,GitHub Actions,65258641b62f928e51ed03d85df7b9f438037874,2024-12-25T15:53:57Z
joelittlejohn/jsonschema2pojo,Java,6359,https://github.com/joelittlejohn/jsonschema2pojo,SUCCESS,Maven,True,GitHub Actions,208d1c7b674094ceeaf994ce0ce9d11684d71773,2025-07-09T12:48:44Z
json-path/JsonPath,Java,9388,https://github.com/json-path/JsonPath,SUCCESS,Gradle,True,GitHub Actions,8e3b92f5ce859c875c399d97ce8e527829194568,2025-10-31T08:58:34Z
JSQLParser/JSqlParser,Java,5912,https://github.com/JSQLParser/JSqlParser,FAILURE,Maven,True,GitHub Actions,5d080b3b274fe31e021817ef7a3eaa1a9c36a022,2024-12-28T10:43:14Z
jtablesaw/tablesaw,Java,3732,https://github.com/jtablesaw/tablesaw,SUCCESS,Maven,True,GitHub Actions,943c3bf0abff9cb7944af5d046659c7273f5d53d,2025-01-02T15:54:27Z
junit-team/junit4,Java,8541,https://github.com/junit-team/junit4,SUCCESS,Maven,True,GitHub Actions,1c0132d203eb837c8df12378c47a40f3ae5fd71c,2025-04-17T14:19:17Z
junit-team/junit-framework,Java,6964,https://github.com/junit-team/junit-framework,SUCCESS,Unknown,False,GitHub Actions,863e4d40c4bd5073a246b255f21b0f20eba16e38,2024-12-28T15:22:07Z
jwtk/jjwt,Java,11020,https://github.com/jwtk/jjwt,SUCCESS,Maven,True,GitHub Actions,f973a3d3e5a63964584f3fb59395505dd3e0b679,2025-03-13T22:39:31Z
kairosdb/kairosdb,Java,1751,https://github.com/kairosdb/kairosdb,FAILURE,Maven,True,GitHub Actions,e51c0b263af98e2a5757a074c7fb6019826c3a18,2025-03-28T19:51:26Z
kekingcn/kkFileView,Java,13953,https://github.com/kekingcn/kkFileView,SUCCESS,Maven,True,GitHub Actions,8c763599fe8910ee1274436a825639aef3db128b,2025-01-15T03:28:17Z
keycloak/keycloak,Java,32753,https://github.com/keycloak/keycloak,NO_CI,Maven,True,GitHub Actions,55fe03191f01b545ff421e0c73dc3859b0900c22,2025-01-28T11:39:11Z
kiegroup/drools,Java,144,https://github.com/kiegroup/drools,SUCCESS,Maven,True,GitHub Actions,bd269361d208804f10c9f7a672c7af1be85bbd4b,2025-06-24T07:51:46Z
killbill/killbill,Java,5332,https://github.com/killbill/killbill,NO_CI,Maven,True,GitHub Actions,a6b6729d1492d539f255c0a9cd47dd080b44b5fd,2025-01-03T08:45:43Z
killme2008/aviatorscript,Java,5147,https://github.com/killme2008/aviatorscript,SUCCESS,Maven,True,GitHub Actions,e271058068a32b780f9d001f9d383de1b58c6994,2025-06-25T07:50:39Z
knowm/XChange,Java,4050,https://github.com/knowm/XChange,FAILURE,Maven,True,GitHub Actions,090713733239dfe8e0582f633fa7f75210687376,2024-12-25T10:02:44Z
Kong/unirest-java,Java,2706,https://github.com/Kong/unirest-java,SUCCESS,Maven,True,GitHub Actions,c55bd2c961faef610704fba6782b646acecfbbca,2024-12-30T15:10:30Z
Konloch/bytecode-viewer,Java,15416,https://github.com/Konloch/bytecode-viewer,SUCCESS,Maven,True,GitHub Actions,94c52f40cc57e219f0d7a4940b5275baa8bde06a,2024-12-31T16:41:17Z
koral--/android-gif-drawable,Java,9656,https://github.com/koral--/android-gif-drawable,SUCCESS,Gradle,True,GitHub Actions,66d115657cfe7afa974befe711c55be3a5d628fc,2025-08-14T11:49:45Z
languagetool-org/languagetool,Java,14067,https://github.com/languagetool-org/languagetool,PENDING,Maven,True,GitHub Actions,38cb5bf98cfb44fd76042bebf95875633297ecf8,2024-12-26T11:23:48Z
LawnchairLauncher/lawnchair,Java,12128,https://github.com/LawnchairLauncher/lawnchair,SUCCESS,Gradle,True,GitHub Actions,aa319c8379a1742d46e5fad5768ec781103555cf,2026-01-10T15:43:51Z
redis/lettuce,Java,5716,https://github.com/redis/lettuce,SUCCESS,Maven,True,GitHub Actions,b925816f773d2aba38614c9df7118765932ec54f,2024-12-27T09:42:43Z
libgdx/libgdx,Java,24792,https://github.com/libgdx/libgdx,SUCCESS,Gradle,True,GitHub Actions,5ca5b71b89c84ffe0c7b7b347a4697436694e34e,2024-12-27T13:36:32Z
liferay/liferay-portal,Java,2224,https://github.com/liferay/liferay-portal,NO_CI,Unknown,False,GitHub Actions,0b6b73e9f60e5c2ac202fa7d3b9152ba60ad3e07,2026-02-25T01:32:40Z
lightbend/config,Java,6293,https://github.com/lightbend/config,SUCCESS,Unknown,False,GitHub Actions,b7b008a3737af487d7ee85ba092bbc0edb77e69b,2025-06-09T10:06:56Z
line/armeria,Java,5071,https://github.com/line/armeria,FAILURE,Gradle,True,GitHub Actions,d3ecb50f7621411fbd4c4db0dd43af3192907182,2025-01-02T01:52:00Z
datahub-project/datahub,Java,11560,https://github.com/datahub-project/datahub,SUCCESS,Gradle,True,GitHub Actions,5708bd9beba6ea08d66a37506867380a45718df3,2024-12-26T17:14:15Z
linkedin/rest.li,Java,2534,https://github.com/linkedin/rest.li,FAILURE,Gradle,True,GitHub Actions,b2da251e9e682e2924890179fb3ed25e11a44fc8,2025-01-30T01:19:23Z
linlinjava/litemall,Java,20148,https://github.com/linlinjava/litemall,FAILURE,Maven,True,GitHub Actions,60baddc32faf484f04dc53323d467db81ef93ad3,2025-01-04T11:43:48Z
liquibase/liquibase,Java,5417,https://github.com/liquibase/liquibase,SUCCESS,Maven,True,GitHub Actions,213845e4c9356fcfdf4cc53ea2d34916308f8581,2024-12-24T20:15:16Z
LMAX-Exchange/disruptor,Java,18222,https://github.com/LMAX-Exchange/disruptor,SUCCESS,Gradle,True,GitHub Actions,bf64803569bd740b3fb58c1f4021cec2d1e62127,2025-03-27T16:21:18Z
logfellow/logstash-logback-encoder,Java,2522,https://github.com/logfellow/logstash-logback-encoder,SUCCESS,Maven,True,GitHub Actions,83aa0fe8921fae09bfb36674a802831d911ed368,2025-04-05T15:45:29Z
react-native-config/react-native-config,Java,4946,https://github.com/react-native-config/react-native-config,NO_CI,Unknown,False,GitHub Actions,50ef0884243bf7ed8e5986d980e21a11d4f98eac,2025-08-21T16:19:33Z
enso-org/enso,Java,7433,https://github.com/enso-org/enso,FAILURE,Unknown,False,GitHub Actions,61fa400f1454cbec9b46074a4d034748bca96de1,2024-12-30T14:10:54Z
LWJGL/lwjgl3,Java,5254,https://github.com/LWJGL/lwjgl3,SUCCESS,Maven,True,GitHub Actions,cb440f8a20017b501422adb934566bc13df54445,2025-01-04T14:21:32Z
mapstruct/mapstruct,Java,7617,https://github.com/mapstruct/mapstruct,SUCCESS,Maven,True,GitHub Actions,57d4f88a48f6dc95f02ecbd9d19b6c396be2444f,2025-01-20T06:56:19Z
infinilabs/analysis-ik,Java,17403,https://github.com/infinilabs/analysis-ik,SUCCESS,Maven,True,GitHub Actions,83ce16cafc3cb573227c21d19e95ffcaadfcdb7f,2025-02-14T03:51:56Z
microg/GmsCore,Java,12180,https://github.com/microg/GmsCore,SUCCESS,Gradle,True,GitHub Actions,750f71e35d7ccd8d01200b1dce278cc1dcd45e05,2025-10-13T19:58:42Z
micrometer-metrics/micrometer,Java,4802,https://github.com/micrometer-metrics/micrometer,SUCCESS,Gradle,True,GitHub Actions,f3f5d766df616dd25a8790a4bae05e8d56895298,2025-01-07T11:20:02Z
micronaut-projects/micronaut-core,Java,6379,https://github.com/micronaut-projects/micronaut-core,FAILURE,Gradle,True,GitHub Actions,d8f315400c1a7eb50f1134f2a4930c94c39b8388,2025-01-03T18:46:54Z
mik3y/usb-serial-for-android,Java,5527,https://github.com/mik3y/usb-serial-for-android,SUCCESS,Gradle,True,GitHub Actions,9911e141a74d64ac587d320eed284c5aca08e54e,2025-01-28T20:26:09Z
MinecraftForge/MinecraftForge,Java,7509,https://github.com/MinecraftForge/MinecraftForge,FAILURE,Gradle,True,GitHub Actions,0d3b4887285dc47bf62207ab36dac2524f993b53,2024-12-29T17:25:21Z
mockito/mockito,Java,15422,https://github.com/mockito/mockito,SUCCESS,Unknown,False,GitHub Actions,567c5b95bfb98bca343a6c2a9b0c8df9bd86175a,2025-01-01T22:43:55Z
mojohaus/build-helper-maven-plugin,Java,119,https://github.com/mojohaus/build-helper-maven-plugin,SUCCESS,Maven,True,GitHub Actions,ab2c63520127f18f8b432ec110f0951f1e40d48b,2025-02-12T18:22:46Z
mojohaus/exec-maven-plugin,Java,184,https://github.com/mojohaus/exec-maven-plugin,SUCCESS,Maven,True,GitHub Actions,3e5d107f7eede475ad2f83142c925eee5345f9cf,2025-03-15T09:42:43Z
mongodb/mongo-java-driver,Java,2652,https://github.com/mongodb/mongo-java-driver,NO_CI,Unknown,False,GitHub Actions,e8e5845c3d67d3132c03aeff6ae0f49e4c93d57e,2025-04-30T08:21:41Z
mrniko/netty-socketio,Java,7023,https://github.com/mrniko/netty-socketio,NO_CI,Maven,True,GitHub Actions,0c97aec8d7da69c20c32f728024e504e452fa251,2025-02-11T11:01:32Z
mybatis/generator,Java,5316,https://github.com/mybatis/generator,FAILURE,Unknown,False,GitHub Actions,269fd7402fdc1e5345c529b7cbf040fbc165524f,2025-01-02T08:01:41Z
mybatis/mybatis-3,Java,20378,https://github.com/mybatis/mybatis-3,SUCCESS,Maven,True,GitHub Actions,93434655f8d45327933e9adadfab2ecb6f140497,2024-12-26T01:31:38Z
mybatis/spring,Java,2917,https://github.com/mybatis/spring,SUCCESS,Maven,True,GitHub Actions,77c46c43b685d901a5f0d3662092390b6fc7480c,2025-01-16T14:21:40Z
pinpoint-apm/pinpoint,Java,13806,https://github.com/pinpoint-apm/pinpoint,SUCCESS,Maven,True,GitHub Actions,65fa21aa0d77f01b1b3cd58cd6b2ea3b7c6e1e80,2024-12-26T03:58:42Z
Nepxion/Discovery,Java,5775,https://github.com/Nepxion/Discovery,SUCCESS,Maven,True,GitHub Actions,a2d9c265695c32bef70939e26cc1c77cb373cfe1,2025-05-01T10:34:54Z
Netflix/archaius,Java,2497,https://github.com/Netflix/archaius,FAILURE,Gradle,True,GitHub Actions,6d4bd30655c7ce6b173a63ee5d085c53d57889c3,2025-01-15T00:15:54Z
Netflix/concurrency-limits,Java,3529,https://github.com/Netflix/concurrency-limits,PENDING,Gradle,True,GitHub Actions,caf92ce6caf3fff63a63b879f007288ea797b091,2025-06-17T05:29:29Z
Netflix/eureka,Java,12699,https://github.com/Netflix/eureka,FAILURE,Gradle,True,GitHub Actions,00573fe5b1c5ca6cd215490c6ebf45f1209f1e45,2025-12-17T16:56:13Z
Netflix/Hystrix,Java,24467,https://github.com/Netflix/Hystrix,FAILURE,Gradle,True,GitHub Actions,ed297e7562532edb2ad341adce23031faa230180,2025-12-17T03:12:05Z
Netflix/ribbon,Java,4623,https://github.com/Netflix/ribbon,FAILURE,Gradle,True,GitHub Actions,797d1ac0a794290c8d672d40d03f10ccef7c8599,2025-06-17T05:01:59Z
Netflix/zuul,Java,13982,https://github.com/Netflix/zuul,PENDING,Gradle,True,GitHub Actions,d0748bb863d425f30be309277adc7a19dad69b73,2025-01-06T16:47:32Z
netty/netty,Java,34784,https://github.com/netty/netty,PENDING,Maven,True,GitHub Actions,0c08a44860835c2205f53a40f43b2f15622bedec,2024-12-26T18:38:59Z
ninjaframework/ninja,Java,1903,https://github.com/ninjaframework/ninja,SUCCESS,Maven,True,GitHub Actions,b7454a59465ccdc6b0b13d8dcd095a1f30a5024c,2026-01-08T19:07:34Z
nutzam/nutz,Java,2547,https://github.com/nutzam/nutz,SUCCESS,Maven,True,GitHub Actions,02e8018eb0aabb38c741aceedb206d4c8f262d04,2025-08-14T08:38:45Z
OpenAPITools/openapi-generator,Java,25786,https://github.com/OpenAPITools/openapi-generator,SUCCESS,Maven,True,GitHub Actions,6d2f2c9ced120c52c556ad086313b61681569b3d,2024-12-26T16:56:38Z
OpenFeign/feign,Java,9790,https://github.com/OpenFeign/feign,SUCCESS,Maven,True,GitHub Actions,0a6f1ef428583b01734b661e25fa6f9e6895ac27,2024-12-30T05:32:35Z
OpenRefine/OpenRefine,Java,11743,https://github.com/OpenRefine/OpenRefine,SUCCESS,Maven,True,GitHub Actions,a2a991021af8ff75aa4f8746c322f34abda60f08,2024-12-31T14:17:50Z
openzipkin/brave,Java,2407,https://github.com/openzipkin/brave,SUCCESS,Maven,True,GitHub Actions,62f460d8ac3646b9214dac37b90d8cddfbf42576,2025-02-16T01:16:42Z
openzipkin/zipkin,Java,17406,https://github.com/openzipkin/zipkin,FAILURE,Maven,True,GitHub Actions,bf6ab5a67f580b6c1a59b9f713326e5725d3215a,2025-01-06T22:14:38Z
oracle/graal,Java,21457,https://github.com/oracle/graal,NO_CI,Unknown,False,GitHub Actions,ca789f611efe5c6b9c4fce1e9d8bdb62947bf2dc,2025-09-05T09:15:15Z
helidon-io/helidon,Java,3745,https://github.com/helidon-io/helidon,SUCCESS,Maven,True,GitHub Actions,114afc468ef9cc91c38b4120aced2e92b73683d2,2024-12-31T21:57:38Z
oracle/opengrok,Java,4744,https://github.com/oracle/opengrok,SUCCESS,Maven,True,GitHub Actions,975ea6f4f066c7bbc5e50e118abc6036ed699180,2025-01-02T15:56:21Z
orientechnologies/orientdb,Java,4932,https://github.com/orientechnologies/orientdb,SUCCESS,Maven,True,GitHub Actions,d6e5c0448f54fff694157d5ef9a74c8455f7a4d1,2024-12-30T19:21:44Z
osmandapp/OsmAnd,Java,5538,https://github.com/osmandapp/OsmAnd,SUCCESS,Gradle,True,GitHub Actions,50b18424bd95864f8c02e96c5e7e9d0e4bdad29a,2025-09-09T09:42:48Z
pac4j/pac4j,Java,2512,https://github.com/pac4j/pac4j,SUCCESS,Maven,True,GitHub Actions,41959c74ba5b329ff4550e87d35acc52e28a9974,2024-12-27T00:18:39Z
pagehelper-org/Mybatis-PageHelper,Java,12385,https://github.com/pagehelper-org/Mybatis-PageHelper,NO_CI,Maven,True,GitHub Actions,1ae113e493b480452c69af931124ebd5c1ce09f6,2023-11-19T09:02:56Z
pedrovgs/Algorithms,Java,2785,https://github.com/pedrovgs/Algorithms,SUCCESS,Maven,True,GitHub Actions,08fbcd7db577dad48645732211479a5b7d805fa1,2026-01-16T10:40:17Z
pgjdbc/pgjdbc,Java,1682,https://github.com/pgjdbc/pgjdbc,SUCCESS,Unknown,False,GitHub Actions,8912bbe3936804541c461701855a00b26b85acf2,2025-01-08T20:49:10Z
pinterest/teletraan,Java,1825,https://github.com/pinterest/teletraan,SUCCESS,Unknown,False,GitHub Actions,f47f422602d1dc3bef808111c34eb57604f0ed9c,2025-01-03T17:37:01Z
plantuml/plantuml,Java,12636,https://github.com/plantuml/plantuml,SUCCESS,Unknown,False,GitHub Actions,ddba6823985a886cb448535afabaa863c8bed58c,2024-12-21T10:12:32Z
playframework/play1,Java,1574,https://github.com/playframework/play1,SUCCESS,Unknown,False,GitHub Actions,e710cc7fe631acdaacfab7a3a5fd66810b7eed7e,2024-03-03T13:33:36Z
pmd/pmd,Java,5316,https://github.com/pmd/pmd,SUCCESS,Maven,True,GitHub Actions,51767f33b7bbb1f045f0cc4f67fb7c39ec55847e,2024-12-27T08:07:01Z
dotintent/react-native-ble-plx,Java,3354,https://github.com/dotintent/react-native-ble-plx,FAILURE,Unknown,False,GitHub Actions,c746479716ba5f5b7c705e7c3c26b9f47bbfe4e1,2025-01-08T12:59:24Z
dariuszseweryn/RxAndroidBle,Java,3547,https://github.com/dariuszseweryn/RxAndroidBle,SUCCESS,Gradle,True,GitHub Actions,bc5d0b4797a70037142a9fb9e5d5f72a1b4162ba,2025-06-03T20:14:38Z
prestodb/presto,Java,16653,https://github.com/prestodb/presto,PENDING,Maven,True,GitHub Actions,b0f44f0a7b16efcb749f52c8e444396b59db4cf1,2025-09-17T23:53:29Z
Qihoo360/hbox,Java,1733,https://github.com/Qihoo360/hbox,SUCCESS,Maven,True,GitHub Actions,ccdb631660f31cff0be5e305868847ded47b3434,2025-04-17T07:41:10Z
qos-ch/logback,Java,3209,https://github.com/qos-ch/logback,NO_CI,Maven,True,GitHub Actions,2bf5557a76b7c292253d4aa962da762134796431,2025-10-29T17:42:04Z
qos-ch/slf4j,Java,2482,https://github.com/qos-ch/slf4j,FAILURE,Maven,True,GitHub Actions,4b4d533771e0501ffe1eb5e248e456f285357737,2025-02-07T09:36:45Z
quarkusio/quarkus,Java,15459,https://github.com/quarkusio/quarkus,FAILURE,Maven,True,GitHub Actions,4e4fa000ef466d51019eff3b42847f98425ad305,2025-09-18T21:38:02Z
raphw/byte-buddy,Java,6755,https://github.com/raphw/byte-buddy,FAILURE,Maven,True,GitHub Actions,63e309d6b69a229445c54dcbdc429c74a43a19b7,2024-12-25T22:02:47Z
react-native-image-picker/react-native-image-picker,Java,8636,https://github.com/react-native-image-picker/react-native-image-picker,NO_CI,Unknown,False,GitHub Actions,9df11bc800fe7bf61bee4eba0f05b3a8352b559e,2025-02-01T08:23:01Z
react-native-linear-gradient/react-native-linear-gradient,Java,4965,https://github.com/react-native-linear-gradient/react-native-linear-gradient,SUCCESS,Unknown,False,GitHub Actions,cb61cd288b10228e27d88894566222eccd24f025,2025-02-12T00:25:55Z
react-native-share/react-native-share,Java,3867,https://github.com/react-native-share/react-native-share,NO_CI,Unknown,False,GitHub Actions,959fffa3d0fa6886c8235329a40dd1ce5bf32466,2025-02-12T20:55:18Z
react-native-webrtc/react-native-webrtc,Java,4934,https://github.com/react-native-webrtc/react-native-webrtc,SUCCESS,Unknown,False,GitHub Actions,19ca31d4b77d149a659ee037fae54861a2d90a73,2025-02-03T18:44:21Z
ReactiveX/RxJava,Java,48525,https://github.com/ReactiveX/RxJava,SUCCESS,Gradle,True,GitHub Actions,d0cea708b4d6b82d44f82f7264116e5c9240cf5d,2025-01-10T10:07:47Z
reactor/reactor-core,Java,5197,https://github.com/reactor/reactor-core,SUCCESS,Gradle,True,GitHub Actions,0b721c5d1b0f81d270d18b69140bde67f5781f82,2025-01-14T10:57:54Z
aeron-io/aeron,Java,8441,https://github.com/aeron-io/aeron,SUCCESS,Gradle,True,GitHub Actions,3b92bca1f7379fa8030000e7f863e62adeb672cd,2024-12-26T18:16:08Z
aeron-io/agrona,Java,3149,https://github.com/aeron-io/agrona,PENDING,Gradle,True,GitHub Actions,5eb60a973262e5001861eed2684ec124eab0063a,2025-01-03T21:05:14Z
aeron-io/simple-binary-encoding,Java,3387,https://github.com/aeron-io/simple-binary-encoding,SUCCESS,Gradle,True,GitHub Actions,a1bc244d8136ee1e39d99cf3666839618dd845a6,2024-12-30T12:38:32Z
realm/realm-java,Java,11490,https://github.com/realm/realm-java,SUCCESS,Gradle,True,GitHub Actions,6a02481ef51ad635de3bb0feca1ef75fb59d7ebe,2025-01-10T23:09:26Z
redisson/redisson,Java,24245,https://github.com/redisson/redisson,SUCCESS,Maven,True,GitHub Actions,2c7723bba23af5a25c86140aac6e96276b6380e6,2024-12-24T23:19:58Z
remkop/picocli,Java,5299,https://github.com/remkop/picocli,FAILURE,Maven,True,GitHub Actions,c9d52065424664fe8ee77996771399a7479de2b3,2025-04-15T00:58:44Z
resilience4j/resilience4j,Java,10542,https://github.com/resilience4j/resilience4j,SUCCESS,Gradle,True,GitHub Actions,67c3c2d4e34e38b3456f0c73b121c8aabbbd2cfa,2025-01-03T08:52:06Z
rest-assured/rest-assured,Java,7109,https://github.com/rest-assured/rest-assured,SUCCESS,Maven,True,GitHub Actions,1c5bce90510a21ac02caeb8a8bc1e0c1c71edd57,2025-02-14T12:41:58Z
RipMeApp/ripme,Java,4034,https://github.com/RipMeApp/ripme,FAILURE,Unknown,False,GitHub Actions,d0b97acda81e4ad3cbbd7c7b36c1e2d48262fa00,2025-01-01T09:45:37Z
RoaringBitmap/RoaringBitmap,Java,3816,https://github.com/RoaringBitmap/RoaringBitmap,SUCCESS,Unknown,False,GitHub Actions,d503c973958a240a24aa872566859550f338f7ea,2025-01-06T13:52:13Z
robolectric/robolectric,Java,6000,https://github.com/robolectric/robolectric,SUCCESS,Unknown,False,GitHub Actions,fba17ef6d7220156f05f15e2c6e63c653457a49a,2025-11-10T07:57:01Z
rstudio/rstudio,Java,4947,https://github.com/rstudio/rstudio,SUCCESS,Unknown,False,GitHub Actions,5ee08525bb1affd022fd12f3c1518faee07c3b60,2024-12-16T23:05:54Z
runelite/runelite,Java,5285,https://github.com/runelite/runelite,NO_CI,Unknown,False,GitHub Actions,5346024bd8f06d7d5d170f29837f3f0906703e1a,2024-12-26T21:23:18Z
projectlombok/lombok,Java,13385,https://github.com/projectlombok/lombok,NO_CI,Unknown,False,GitHub Actions,ba3c92236096be9896d4d37404b62a2193ce9607,2025-01-03T21:08:23Z
apache/incubator-seata,Java,25946,https://github.com/apache/incubator-seata,SUCCESS,Maven,True,GitHub Actions,340ea9218cf2616d4cea3fc74e75632fcd284137,2024-12-25T07:01:11Z
SeleniumHQ/selenium,Java,33997,https://github.com/SeleniumHQ/selenium,PENDING,Unknown,False,GitHub Actions,b49678dcb029e85d111185bb393ec1bd45b9ee7f,2024-12-26T13:28:52Z
signalapp/Signal-Server,Java,10362,https://github.com/signalapp/Signal-Server,SUCCESS,Maven,True,GitHub Actions,f2f5e0e26f2b70c2dcf859d81b22a89225f5eee0,2024-12-27T20:24:00Z
skylot/jadx,Java,47256,https://github.com/skylot/jadx,SUCCESS,Unknown,False,GitHub Actions,84e211b809a62da7901a942510bf6bac254cad49,2024-12-30T13:42:03Z
Snailclimb/JavaGuide,Java,153792,https://github.com/Snailclimb/JavaGuide,SUCCESS,Unknown,False,GitHub Actions,d803817f9e8c66351e07fb06bce0a8cfd1081e0b,2024-12-26T15:09:39Z
socketio/socket.io-client-java,Java,5419,https://github.com/socketio/socket.io-client-java,SUCCESS,Maven,True,GitHub Actions,667bd17a01b97306be7a364c409b201b0a9eb017,2025-02-18T08:49:09Z
sofastack/sofa-bolt,Java,2509,https://github.com/sofastack/sofa-bolt,SUCCESS,Maven,True,GitHub Actions,b35659834b00f4d407c459a1c7e11d616e85097d,2025-01-22T08:07:26Z
sofastack/sofa-boot,Java,5084,https://github.com/sofastack/sofa-boot,FAILURE,Maven,True,GitHub Actions,71fc1a2ee35d0e86700cfd40b871de1d41381c68,2024-12-26T03:12:05Z
sofastack/sofa-jraft,Java,3797,https://github.com/sofastack/sofa-jraft,SUCCESS,Maven,True,GitHub Actions,9029048f7de085f5761bab2c1f2a73ec07dae4f7,2025-01-16T03:00:50Z
sofastack/sofa-rpc,Java,3921,https://github.com/sofastack/sofa-rpc,FAILURE,Maven,True,GitHub Actions,7d1a0527e42164e205b0d2eb75d67dbfb97a6378,2025-03-14T03:35:52Z
SonarSource/sonarqube,Java,10223,https://github.com/SonarSource/sonarqube,FAILURE,Gradle,True,GitHub Actions,e7020de454a51fda86237895d500dbd90a7f6e96,2026-02-03T20:12:56Z
spinnaker/spinnaker,Java,9686,https://github.com/spinnaker/spinnaker,SUCCESS,Gradle,True,GitHub Actions,db3985723dca9a0ebb3c320d07442eb2418eda9d,2025-04-11T20:50:49Z
spockframework/spock,Java,3625,https://github.com/spockframework/spock,FAILURE,Gradle,True,GitHub Actions,da17c4ddef607d7cb953a48e634a31df606c680f,2024-12-26T15:45:38Z
spotbugs/spotbugs,Java,3820,https://github.com/spotbugs/spotbugs,SUCCESS,Gradle,True,GitHub Actions,ef76e9be12a692b9ef7c5725ead8ddd98a7a538c,2025-01-16T04:51:03Z
spring-cloud/spring-cloud-config,Java,2024,https://github.com/spring-cloud/spring-cloud-config,SUCCESS,Maven,True,GitHub Actions,badce6912ae482544238eb1a2449bbf60a2115b8,2024-12-27T11:34:53Z
spring-cloud/spring-cloud-gateway,Java,4821,https://github.com/spring-cloud/spring-cloud-gateway,SUCCESS,Maven,True,GitHub Actions,cf916f35e55bb591b8544e77455bb39c94b4b2a5,2024-12-17T15:54:55Z
spring-cloud/spring-cloud-kubernetes,Java,3532,https://github.com/spring-cloud/spring-cloud-kubernetes,SUCCESS,Maven,True,GitHub Actions,7831b6209285e3936ee547438fddf2aae4369b63,2025-01-07T16:13:28Z
spring-cloud/spring-cloud-netflix,Java,4957,https://github.com/spring-cloud/spring-cloud-netflix,SUCCESS,Maven,True,GitHub Actions,e2a6509bf67a045af74eb1dfd8f8ebcd37f70bcc,2025-01-14T12:00:31Z
spring-io/initializr,Java,3646,https://github.com/spring-io/initializr,SUCCESS,Maven,True,GitHub Actions,866f2f56966622db9442fabad985177cd036933e,2025-01-07T09:00:10Z
spring-projects/spring-boot,Java,79892,https://github.com/spring-projects/spring-boot,FAILURE,Gradle,True,GitHub Actions,e2433fda5f6099b4e9ecaef11b0008ceaa19ab91,2025-10-16T12:51:14Z
spring-projects/spring-data-elasticsearch,Java,2958,https://github.com/spring-projects/spring-data-elasticsearch,PENDING,Maven,True,GitHub Actions,5568c7bbc40198787351ae19d981c30f08f42756,2025-01-11T12:21:55Z
spring-projects/spring-data-examples,Java,5407,https://github.com/spring-projects/spring-data-examples,FAILURE,Maven,True,GitHub Actions,f58cc5a220a7a8b24e11e3ea554b9d57eedf684a,2025-07-23T14:52:03Z
spring-projects/spring-data-jpa,Java,3233,https://github.com/spring-projects/spring-data-jpa,SUCCESS,Maven,True,GitHub Actions,3f17014b9ffb3e690b76d603a925329ca4143b5c,2025-05-16T10:25:59Z
spring-projects/spring-framework,Java,59601,https://github.com/spring-projects/spring-framework,SUCCESS,Gradle,True,GitHub Actions,ea386c23987d221c8e5c4582962317239eb61451,2024-12-25T08:29:52Z
spring-projects/spring-integration-samples,Java,2369,https://github.com/spring-projects/spring-integration-samples,SUCCESS,Gradle,True,GitHub Actions,d5a790d4a29dd9b50fadc1b96fbfa8e37e556862,2025-01-15T16:34:55Z
spring-projects/spring-security,Java,9434,https://github.com/spring-projects/spring-security,NO_CI,Gradle,True,GitHub Actions,474b5e151afbad4bfcd41ce0a2071c1f0fa5dafa,2025-01-22T23:09:55Z
stanfordnlp/CoreNLP,Java,10040,https://github.com/stanfordnlp/CoreNLP,SUCCESS,Maven,True,GitHub Actions,59706394c28474bc21198eb6f4fff98939453dee,2024-12-12T21:31:47Z
stleary/JSON-java,Java,4702,https://github.com/stleary/JSON-java,SUCCESS,Maven,True,GitHub Actions,0e60592bdb024978be2b4ab39d22045192ea80af,2024-12-24T14:27:15Z
swagger-api/swagger-core,Java,7518,https://github.com/swagger-api/swagger-core,SUCCESS,Maven,True,GitHub Actions,9279ae3ab8f87fcd468abe6f21756d8880e70e41,2025-01-02T10:54:28Z
TeamNewPipe/NewPipe,Java,37096,https://github.com/TeamNewPipe/NewPipe,SUCCESS,Unknown,False,GitHub Actions,27e6be792fd525a48eb0cfc4e90125e9be43e282,2025-01-04T08:15:44Z
Tencent/Shadow,Java,7716,https://github.com/Tencent/Shadow,SUCCESS,Gradle,True,GitHub Actions,04094e0fe22051d59f08dad5f7bc921a5ff39ad1,2024-12-25T10:27:17Z
termux/termux-app,Java,50418,https://github.com/termux/termux-app,SUCCESS,Gradle,True,GitHub Actions,52da00e5c270a9049c37d46d42899eeffc27da1f,2025-01-12T22:41:34Z
testcontainers/testcontainers-java,Java,8576,https://github.com/testcontainers/testcontainers-java,FAILURE,Gradle,True,GitHub Actions,0e131c726be71dc6f0eea280478943b961fa4a6e,2025-01-20T22:04:54Z
TheAlgorithms/Java,Java,65001,https://github.com/TheAlgorithms/Java,PENDING,Maven,True,GitHub Actions,6a60458398fb327e9f2a8d41c12ca884fc00ff17,2024-12-29T19:59:25Z
thingsboard/thingsboard,Java,21107,https://github.com/thingsboard/thingsboard,SUCCESS,Maven,True,GitHub Actions,2f061c448b6e7ff42ac5b82a4b2880e81c01a319,2025-05-23T12:35:32Z
wiremock/wiremock,Java,7123,https://github.com/wiremock/wiremock,SUCCESS,Unknown,False,GitHub Actions,b906f95c665278dab1a731e6285b4f660605ed83,2024-12-31T14:28:30Z
TooTallNate/Java-WebSocket,Java,10800,https://github.com/TooTallNate/Java-WebSocket,FAILURE,Maven,True,GitHub Actions,1ed042e60a0b455acbc1207c414eb7ce8736e45a,2025-01-26T18:58:04Z
traccar/traccar,Java,6918,https://github.com/traccar/traccar,SUCCESS,Gradle,True,GitHub Actions,a7c744c8c6c1e0fd5be1b66ff310c84743c3a551,2024-12-26T21:02:17Z
tronprotocol/java-tron,Java,4027,https://github.com/tronprotocol/java-tron,FAILURE,Gradle,True,GitHub Actions,7bd057d4356380bfc26e90e655a7aa6ba6887340,2024-11-14T02:35:22Z
uber/NullAway,Java,4004,https://github.com/uber/NullAway,SUCCESS,Gradle,True,GitHub Actions,7cb6b985ff6e8dbc6d804f27cc26982fc732e49a,2024-12-26T01:23:39Z
ukanth/afwall,Java,3270,https://github.com/ukanth/afwall,SUCCESS,Gradle,True,GitHub Actions,8e52fefa5632b86a23b98434e0f810110735e520,2025-05-10T11:24:20Z
undertow-io/undertow,Java,3746,https://github.com/undertow-io/undertow,NO_CI,Maven,True,GitHub Actions,2ea0a2827d789c108a06e1c614b14663e5ef87cf,2025-01-08T15:48:33Z
vavr-io/vavr,Java,6093,https://github.com/vavr-io/vavr,SUCCESS,Maven,True,GitHub Actions,6603a132aeeb1dc1a8309c11f7b7b5e6dd3c85b3,2024-10-12T08:23:53Z
vert-x3/vertx-examples,Java,3583,https://github.com/vert-x3/vertx-examples,FAILURE,Maven,True,GitHub Actions,87a682c145eb54e4a2dc4379463187dbea3725c3,2025-02-13T13:21:32Z
vespa-engine/vespa,Java,6768,https://github.com/vespa-engine/vespa,SUCCESS,Maven,True,GitHub Actions,67dcdef383757c8279cf2da048040fb4fb89b5ed,2025-09-12T10:00:14Z
vipulasri/Timeline-View,Java,3886,https://github.com/vipulasri/Timeline-View,SUCCESS,Gradle,True,GitHub Actions,9672b15b9928435a87c5d96ab3a1e87bfe030f7d,2025-01-29T02:53:50Z
LFDT-web3j/web3j,Java,5388,https://github.com/LFDT-web3j/web3j,SUCCESS,Gradle,True,GitHub Actions,567e21afd1c18246be37cc00c8da11626f19756d,2025-01-10T07:23:43Z
binarywang/WxJava,Java,32549,https://github.com/binarywang/WxJava,SUCCESS,Maven,True,GitHub Actions,be0dd8b692873af324292a4a85baae391a141cc8,2025-01-16T05:46:02Z
weibocom/motan,Java,5907,https://github.com/weibocom/motan,SUCCESS,Maven,True,GitHub Actions,f9d4bf75626d42b70e59b824f4f9e20f48e6aef8,2025-02-18T09:40:56Z
widdix/aws-cf-templates,Java,2779,https://github.com/widdix/aws-cf-templates,SUCCESS,Unknown,False,GitHub Actions,ccb3f45aceea605eb47f304c86018034bad8b36c,2025-02-26T18:55:08Z
wildfly/wildfly,Java,3149,https://github.com/wildfly/wildfly,FAILURE,Maven,True,GitHub Actions,ffbf329d3a4465214aba317cffc6dbee0d54aea3,2024-12-23T18:14:20Z
williamfiset/Algorithms,Java,18499,https://github.com/williamfiset/Algorithms,SUCCESS,Unknown,False,GitHub Actions,91b3058b8ada1c2b4b17f49fd61e6b2c873c6575,2026-01-02T19:52:25Z
redis/jedis,Java,12276,https://github.com/redis/jedis,SUCCESS,Maven,True,GitHub Actions,7697b6a950df319c81974db9e1a61d9ca5758ee9,2024-12-29T09:46:48Z
xuxueli/xxl-job,Java,29899,https://github.com/xuxueli/xxl-job,SUCCESS,Maven,True,GitHub Actions,14d0f4c01c828a4dd018fbd79bf0dd453b4438ae,2024-12-28T04:38:06Z
yacy/yacy_search_server,Java,3814,https://github.com/yacy/yacy_search_server,SUCCESS,Unknown,False,GitHub Actions,783a0aa496f431bef4fbade0ecbca31effb67e0e,2025-03-27T13:49:02Z
YunaiV/yudao-cloud,Java,18533,https://github.com/YunaiV/yudao-cloud,FAILURE,Maven,True,GitHub Actions,fcb6eac4e2db722ba76b9049a723b2f3529bb208,2024-12-27T14:22:11Z
zaproxy/zaproxy,Java,14730,https://github.com/zaproxy/zaproxy,SUCCESS,Unknown,False,GitHub Actions,bfea45e272a6bd3db55bae7b9240f40cfc018543,2024-12-23T14:03:48Z
zendesk/maxwell,Java,4234,https://github.com/zendesk/maxwell,SUCCESS,Maven,True,GitHub Actions,f22a24740d807d2b9f332257f1d60e4ba8262ab6,2025-01-09T19:45:37Z
zxing/zxing,Java,33848,https://github.com/zxing/zxing,SUCCESS,Maven,True,GitHub Actions,6ae11863c7082cfeb62fa5075a488ec9588a01e6,2025-02-04T16:18:13Z
